,CostCenter,1/1/2018,2/1/2018,3/1/2018,4/1/2018,5/1/2018,6/1/2018,7/1/2018,8/1/2018,9/1/2018,10/1/2018,11/1/2018,12/1/2018,1/1/2019,2/1/2019,3/1/2019,4/1/2019,5/1/2019,6/1/2019,7/1/2019,8/1/2019,1/1/2020,2/1/2020,3/1/2020,4/1/2020,5/1/2020,6/1/2020
0,360,2.0,2.0,2.0,2.0,2.0,2.0,2.0,2.0,2.0,2.0,2.0,2.0,2.0,2.0,2.0,2.0,2.0,2.0,2.0,2.0,2.0,2.0,2.0,2.0,2.0,2.0
1,239,1.0,1.0,1.0,,,,,,,,,,1.0,1.0,1.0,1.0,1.0,1.0,1.0,1.0,,,,,,
2,518,,,,,,,,,,,,,,,,,,,,1.0,1.0,1.0,1.0,1.0,1.0,1.0
3,84,,,,,,,,,,,,,6.0,8.0,8.0,8.0,8.0,8.0,8.0,8.0,6.0,6.0,6.0,6.0,6.0,6.0
4,537,,,,,,,,,,,,,,1.0,3.0,9.0,9.0,9.0,9.0,9.0,19.0,19.0,19.0,19.0,19.0,19.0
5,120,,,,,,,,,,,,,,,,,,,,,,,,,,
6,90,,,,,,,,,,,,,,,,,,,,,,,,,,
7,652,,,,,,,,,,,,,,,,,,,,,,,,,,
8,493,,,,,,,,,,,,,,,,,,,,,,,,,,
9,654,,,,,,,,,,,,,,,,,,,,,,,,,,
10,495,,,,,,,,,,,,,,,,,,,,,,,,,,
11,101,,,,,,,,,,,,,,,,,,,,,,,,,,
12,533,,,,,,,,,,,,,,,,,,,,,,,,,,
13,330,,,,,,,,,,,,,,,,,,,,,,,,,,
14,116,,,,,,,,,,,,,,,,,,,,,,,,,,
15,177,,,,,,,,,,,,,,,,,,,,,,,,,,
16,186,,,,,,,,,,,,,,,,,,,,,,,,,,
17,543,,,,,,,,,,,,,,,,,,,,,,,,,,
18,259,,,,,,,,,,,,,,,,,,,,,,,,,,
19,374,,,,,,,,,,,,,,,,,,,,,,,,,,
20,28,,,,,,,,,,,,,,,,,,,,,,,,,,
21,473,,,,,,,,,,,,,,,,,,,,,,,,,,
22,499,,,,,,,,,,,,,,,,,,,,,8.0,8.0,8.0,8.0,8.0,8.0
23,183,,,,,,,,,,,,,,,,,,,,,,,,,,
24,141,,,,,,,,,,,,,,,,,,,,,,,,,,
25,76,,,,,,,,,,,,,,,,,,,,,,,,,,
26,162,,,,,,,,,,,,,,,,,,,,,,,,,,
27,170,,,,,,,,,,,,,,,,,,,,,,,,,,
28,176,,,,,,,,,,,,,,,,,,,,,,,,,,
29,185,,,,,,,,,,,,,,,,,,,,,,,,,,
30,197,,,,,,,,,,,,,,,,,,,,,,,,,,
31,212,,,,,,,,,,,,,,,,,,,,,,,,,,
32,216,,,,,,,,,,,,,,,,,,,,,,,,,,
33,297,,,,,,,,,,,,,,,,,,,,,,,,,,
34,301,,,,,,,,,,,,,,,,,,,,,,,,,,
35,304,,,,,,,,,,,,,,,,,,,,,,,,,,
36,373,,,,,,,,,,,,,,,,,,,,,,,,,,
37,442,,,,,,,,,,,,,,,,,,,,,,,,,,
38,457,,,,,,,,,,,,,,,,,,,,,,,,,,
39,460,,,,,,,,,,,,,,,,,,,,,,,,,,
40,462,,,,,,,,,,,,,,,,,,,,,,,,,,
41,466,,,,,,,,,,,,,,,,,,,,,,,,,,
42,467,,,,,,,,,,,,,,,,,,,,,,,,,,
43,471,,,,,,,,,,,,,,,,,,,,,,,,,,
44,472,,,,,,,,,,,,,,,,,,,,,,,,,,
45,478,,,,,,,,,,,,,,,,,,,,,,,,,,
46,479,,,,,,,,,,,,,,,,,,,,,,,1.0,1.0,3.0,3.0
47,480,,,,,,,,,,,,,,,,,,,,,,,,,,
48,482,,,,,,,,,,,,,,,,1.0,,,,,,,,,,
49,487,,,,,,,,,,,,,,,,,,,,,,,,,,
50,50,,,,,,,,,,,,,,,,,,,,,,,,,,
51,505,,,,,,,,,,,,,,,,,,,,,,,,,,
52,517,,,,,,,,,,,,,,,,,,,,,,,,,,
53,535,,,,,,,,,,,,,,,,,,,,,6.0,6.0,6.0,6.0,6.0,6.0
54,575,,,,,,,,,,,,,,,,,,,,,,,,,,
55,589,,,,,,,,,,,,,,,,,,,,,,,,,,
56,593,,,,,,,,,,,,,,,,,,,,,,,,,,
57,595,,,,,,,,,,,,,,,,,,,,,,,,,,
58,597,,,,,,,,,,,,,,,,,,,,,,,,,,
59,609,,,,,,,,,,,,,,,,,,,,,,,,,,
60,628,,,,,,,,,,,,,,,,,1.0,,,,,,,,,
61,638,,,,,,,,,,,,,,,,,,,,,,,,,,
62,71,,,,,,,,,,,,,,,,,,,,,,,,,,
63,92,,,,,,,,,,,,,,,,,,,,,,,,,,
64,94,,,,,,,,,,,,,,,,,,,,,,,,,,
65,581,,,,,,,,,,,,,,,,,,,,,,,,,,
66,585,,,,,,,,,,,,,,,,,,,,,,,,,,
67,27,,,,,,,,,,,,,,,,,,,,,,,,,,
68,577,,,,,,,,,,,,,,,,,,,,,,,,,,
69,607,,,,,,,,,,,,,,,,,,,,,,,,,,
70,192,,,,,,,,,,,,,,,,,,,,,,,,,,
71,338,,,,,,,,,,,,,,,,,,,,,,,,,,
72,564,,,,,,,,,,,,,,,,,,,,,,,,,,
73,587,,,,,,,,,,,,,,,,,,,,,,,,,,
74,133,,,,,,,,,,,,,,,,,,,,,,,,,,
75,458,,,,,,,,,,,,,,,,,,,,,,,,,,
76,601,,,,,,,,,,,,,1.0,1.0,1.0,1.0,1.0,1.0,1.0,1.0,1.0,,,,,
77,488,,,,,,,,,,,,,1.0,1.0,1.0,1.0,1.0,1.0,1.0,,,,,,,
78,616,,,,,,,,,,,,,1.0,1.0,2.0,2.0,1.0,1.0,1.0,,,,,,,
79,661,,,,,,,,,,,,,1.0,1.0,1.0,1.0,1.0,1.0,1.0,1.0,1.0,1.0,1.0,1.0,1.0,1.0
80,640,,,,,,,,,,,,,,,,,,,,,,,,,,
81,368,,,,,,,,,,,,,,,,,,,,,,,,,,
82,83,,,,,,,,,,,,,,,,,,,,,,,,1.0,1.0,1.0
83,528,3.0,3.0,3.0,3.0,3.0,3.0,3.0,,,,,,,,44.0,44.0,44.0,44.0,44.0,44.0,,,,,,
84,452,,,,,,,,,,,,,,,,,,,,,,,,,,
85,468,,,,,,,,,,,,,3.0,3.0,3.0,3.0,3.0,,,,,,,,,
86,475,,,,,,,,,,,,,2.0,2.0,3.0,3.0,3.0,3.0,3.0,3.0,,,,,,
87,477,,,,,,,,,,,,,2.0,3.0,3.0,3.0,3.0,3.0,3.0,2.0,,,,,,
88,483,,,,,,,,,,,,,2.0,3.0,3.0,3.0,3.0,3.0,3.0,4.0,,,,,,
89,489,,,,,,,,,,,,,2.0,3.0,3.0,3.0,3.0,3.0,3.0,5.0,,,,,,
90,509,,,,,,,,,,,,,2.0,2.0,3.0,3.0,3.0,4.0,3.0,,3.0,3.0,3.0,3.0,3.0,3.0
91,603,,,,,,,,,,,,,2.0,1.0,6.0,2.0,3.0,1.0,2.0,,,,,,,
92,416,2.0,1.0,,,,,,,,,,,2.0,1.0,,,,,,,,,,,,
93,629,3.0,3.0,,,,,,,,,,,2.0,2.0,2.0,2.0,2.0,2.0,2.0,2.0,,,,,,
94,146,,,,,,,,,,,,,3.0,3.0,3.0,,,,,,2.0,2.0,2.0,2.0,2.0,2.0
95,339,,,,,,,,,,,,,4.0,4.0,4.0,4.0,4.0,4.0,4.0,4.0,3.0,3.0,3.0,3.0,4.0,3.0
96,341,,,,,,,,,,,,,4.0,4.0,4.0,4.0,4.0,4.0,4.0,4.0,,,,,,
97,614,,,,,,,,,,,,,5.0,5.0,5.0,5.0,5.0,5.0,5.0,5.0,,,,,,
98,8,,,,,,,,,,,,,4.0,4.0,4.0,4.0,4.0,5.0,5.0,5.0,,,,,,
99,438,,,,,,,,,,,,,4.0,4.0,4.0,3.0,3.0,2.0,2.0,2.0,3.0,3.0,3.0,3.0,3.0,3.0
100,272,,,,,,,,,,,,,6.0,6.0,5.0,8.0,5.0,5.0,6.0,5.0,,,,,,
101,470,,,,,,,,,,,,,6.0,6.0,6.0,6.0,3.0,3.0,3.0,3.0,,,,,,
102,440,,,,,,,,,,,,,6.0,6.0,6.0,11.0,11.0,11.0,12.0,12.0,12.0,12.0,12.0,12.0,12.0,12.0
103,644,,,,,,,,,,,,,6.0,4.0,4.0,4.0,4.0,6.0,4.0,4.0,,,,,,
104,147,,,,,,,,,,,,,7.0,8.0,8.0,8.0,9.0,8.0,8.0,,6.0,6.0,6.0,6.0,6.0,6.0
105,275,,,,,,,,,,,,,7.0,5.0,6.0,5.0,6.0,6.0,6.0,,5.0,5.0,5.0,5.0,5.0,5.0
106,620,,,,,,,,,,,,,8.0,8.0,8.0,8.0,8.0,9.0,9.0,9.0,,,,,,
107,184,,,,,,,,,,,,,11.0,11.0,11.0,12.0,12.0,12.0,12.0,12.0,,,,,,
108,523,,,,,,,,,,,,,7.0,7.0,7.0,7.0,7.0,6.0,6.0,6.0,6.0,6.0,6.0,6.0,6.0,6.0
109,618,,,,,,,,,,,,,8.0,8.0,8.0,8.0,8.0,8.0,8.0,,,,,,,
110,125,,,,,,,,,,,,,8.0,8.0,8.0,2.0,2.0,,,,8.0,8.0,8.0,8.0,8.0,8.0
111,437,,,,,,,,,,,,,8.0,8.0,8.0,8.0,8.0,8.0,8.0,8.0,18.0,18.0,18.0,18.0,18.0,18.0
112,148,,,,,,,,,,,,,9.0,9.0,9.0,9.0,9.0,9.0,9.0,,8.0,8.0,8.0,9.0,9.0,9.0
113,295,,,,,,,,,,,,,9.0,8.0,8.0,8.0,8.0,8.0,8.0,,7.0,7.0,7.0,7.0,7.0,7.0
114,541,,,,,,,,,,,,,3.0,3.0,3.0,,,,,,,,,,,
115,6,,,,,,,,,,,,,3.0,1.0,1.0,1.0,3.0,3.0,3.0,3.0,,,,,,
116,182,,,,,,,,,,,,,9.0,9.0,9.0,9.0,11.0,11.0,11.0,,9.0,9.0,9.0,9.0,9.0,9.0
117,288,,,,,,,,,,,,,9.0,9.0,9.0,9.0,9.0,9.0,9.0,,,,,,,
118,441,,,,,,,,,,,,,12.0,12.0,13.0,13.0,12.0,13.0,13.0,12.0,9.0,9.0,9.0,9.0,9.0,9.0
119,81,,,,,,,,,,,,,14.0,14.0,14.0,14.0,14.0,13.0,13.0,,1.0,1.0,1.0,1.0,1.0,1.0
120,461,,,,,,,,,,,,,13.0,15.0,16.0,18.0,16.0,15.0,15.0,16.0,,,,,,
121,539,,,,,,,,,,,,,13.0,13.0,13.0,13.0,7.0,7.0,7.0,7.0,22.0,22.0,22.0,22.0,22.0,22.0
122,439,,,,,,,,,,,,,17.0,17.0,17.0,17.0,17.0,19.0,19.0,19.0,19.0,19.0,19.0,19.0,19.0,19.0
123,240,,,,,,,,,,,,,14.0,18.0,16.0,17.0,16.0,17.0,17.0,17.0,,,,,,
124,622,,,,,,,,,,,,,14.0,11.0,11.0,11.0,14.0,11.0,13.0,1.0,,,,,1.0,1.0
125,672,,,,,,,,,,,,,14.0,17.0,17.0,17.0,18.0,2.0,17.0,17.0,,,,,,
126,114,,,,,,,,,,,,,14.0,14.0,14.0,14.0,14.0,14.0,14.0,14.0,13.0,13.0,13.0,13.0,13.0,13.0
127,391,,,,,,,,,,,,,15.0,15.0,15.0,15.0,15.0,15.0,15.0,15.0,13.0,13.0,13.0,14.0,14.0,14.0
128,349,,,,,,,,,,,,,16.0,16.0,16.0,16.0,16.0,16.0,16.0,16.0,15.0,15.0,15.0,15.0,15.0,15.0
129,423,,,,,,,,,,,,,16.0,16.0,16.0,16.0,16.0,16.0,16.0,16.0,16.0,16.0,16.0,16.0,17.0,16.0
130,474,,1.0,1.0,,,,,,,,,,16.0,2.0,26.0,24.0,28.0,17.0,16.0,15.0,,,,,,
131,545,,,,,,,,,,,,,17.0,17.0,17.0,17.0,22.0,22.0,21.0,21.0,1.0,1.0,1.0,1.0,1.0,1.0
132,596,,,,,,,,,,,,,17.0,17.0,17.0,17.0,17.0,17.0,17.0,17.0,17.0,17.0,17.0,17.0,17.0,17.0
133,426,,,,,,,,,,,,,17.0,17.0,17.0,17.0,17.0,17.0,17.0,17.0,15.0,15.0,15.0,15.0,15.0,15.0
134,583,,,,,,,,,,,,,,,,,,,,,,,,,,
135,605,1.0,,,,,,,,,,,,23.0,29.0,3.0,32.0,31.0,31.0,32.0,32.0,,,,,,
136,235,,,,,,,,,,,,,24.0,28.0,3.0,3.0,38.0,27.0,12.0,,24.0,24.0,24.0,24.0,24.0,24.0
137,156,,,,,,,,,,,,,25.0,3.0,28.0,3.0,32.0,32.0,3.0,,25.0,25.0,25.0,25.0,25.0,25.0
138,636,,,,,,,,,,,,,28.0,34.0,36.0,36.0,38.0,38.0,4.0,4.0,,,,,,
139,256,,,,,,,,,,,,,29.0,34.0,35.0,35.0,35.0,33.0,37.0,36.0,,,,,,
140,519,,,,,,,,,,,,,3.0,4.0,32.0,4.0,45.0,41.0,45.0,46.0,35.0,34.0,34.0,33.0,41.0,37.0
141,5,,,,,,,,,,,,,3.0,34.0,35.0,33.0,37.0,34.0,35.0,,,,,,,
142,163,,,,,,,,,,,,,31.0,32.0,32.0,32.0,34.0,33.0,33.0,,27.0,27.0,27.0,28.0,28.0,28.0
143,634,,,,,,,,,,,,,32.0,38.0,39.0,34.0,32.0,37.0,35.0,32.0,,,,,,
144,3,,,,,,,,,,,,,32.0,37.0,38.0,47.0,4.0,42.0,41.0,,,,,,,
145,164,,,,,,,,,,,,,33.0,38.0,4.0,37.0,39.0,38.0,37.0,,3.0,3.0,3.0,31.0,31.0,31.0
146,436,,,,,,,,,,,,,33.0,38.0,37.0,38.0,4.0,38.0,39.0,37.0,3.0,3.0,3.0,3.0,34.0,3.0
147,613,,,,,,,,,,,,,34.0,35.0,38.0,46.0,47.0,42.0,41.0,41.0,,,,,,
148,7,,,,,,,,,,,,,35.0,4.0,42.0,4.0,44.0,42.0,43.0,3.0,,,,,,
149,506,,,,,,,,,,,,,37.0,44.0,43.0,46.0,49.0,47.0,47.0,46.0,,,,,,
150,320,,,,,,,,,,,,,38.0,5.0,44.0,44.0,49.0,46.0,46.0,45.0,,,,,,
151,485,,,,,,,,,,,,,4.0,49.0,48.0,47.0,51.0,52.0,5.0,47.0,,,,,,
152,476,,,,,,,,,,,,,42.0,45.0,45.0,99.0,17.0,95.0,89.0,91.0,,,,,,
153,611,,,,,,,,,,,,,42.0,51.0,52.0,51.0,57.0,55.0,49.0,57.0,,,,,,
154,599,,,,,,,,,,,,,44.0,45.0,7.0,52.0,47.0,53.0,54.0,55.0,,,,,,
155,503,5.0,4.0,4.0,1.0,,,,,,,,,49.0,52.0,44.0,46.0,52.0,41.0,38.0,39.0,,,,,,
156,504,1.0,1.0,1.0,,,,,,,,,,5.0,57.0,6.0,6.0,6.0,57.0,59.0,53.0,,,,,,
157,208,,,,,,,,,,,,,52.0,62.0,74.0,63.0,75.0,67.0,61.0,61.0,,,,,,
158,336,,,,,,,,,,,,,57.0,64.0,66.0,64.0,75.0,66.0,61.0,59.0,,,,,,
159,632,,,,,,,,,,,,,59.0,71.0,73.0,74.0,13.0,74.0,77.0,83.0,,,,,,
160,427,,,,,,,,,,,,,66.0,7.0,73.0,68.0,74.0,78.0,69.0,59.0,,,,,,
161,630,,,,,,,,,,,,,73.0,84.0,88.0,17.0,113.0,9.0,88.0,9.0,,,,,,
162,117,,,,,,,,,,,,,93.0,93.0,93.0,93.0,93.0,93.0,93.0,93.0,87.0,87.0,87.0,88.0,89.0,89.0
163,113,,,,,,,,,,,,,113.0,113.0,113.0,113.0,113.0,113.0,113.0,113.0,13.0,13.0,13.0,132.0,132.0,132.0
164,131,,,,,,,,,,,,,135.0,135.0,135.0,135.0,135.0,135.0,135.0,135.0,16.0,16.0,16.0,18.0,18.0,18.0
165,118,,,,,,,,,,,,,158.0,158.0,158.0,158.0,158.0,158.0,158.0,158.0,15.0,15.0,15.0,153.0,154.0,153.0
166,371,,,,,,,,,,,,,,,,,,,,,,,,,,
167,409,2.0,2.0,2.0,2.0,,,,,,,,2.0,2.0,2.0,2.0,2.0,2.0,2.0,2.0,2.0,,,,,,
168,624,,,1.0,,,,,,,,1.0,2.0,17.0,23.0,22.0,22.0,22.0,23.0,22.0,23.0,2.0,3.0,3.0,4.0,4.0,5.0
169,591,,,,,,2.0,,,,,3.0,3.0,,,,,,,,,3.0,3.0,3.0,3.0,4.0,6.0
170,459,,,1.0,,,,,,,,5.0,,,,1.0,,,1.0,,,,,,,,
171,626,,,,,,,,,,,7.0,7.0,18.0,27.0,2.0,28.0,37.0,32.0,37.0,43.0,6.0,6.0,6.0,7.0,7.0,7.0
172,481,,,,,,,,,,,11.0,11.0,,,,,,,,,9.0,9.0,1.0,1.0,11.0,11.0
173,260,,,,,,,,,,12.0,12.0,12.0,,,,,,,,,,,,,,
174,530,2.0,2.0,2.0,2.0,2.0,2.0,2.0,2.0,2.0,2.0,2.0,2.0,2.0,2.0,2.0,2.0,2.0,2.0,2.0,2.0,2.0,2.0,2.0,2.0,2.0,2.0
175,98,,9.0,,,,,,,9.0,,,,,9.0,,,,,,,,2.0,,,,
176,386,,,2.0,2.0,2.0,2.0,2.0,2.0,2.0,2.0,2.0,2.0,,,,,2.0,2.0,2.0,2.0,,1.0,5.0,,,2.0
177,670,,,,,,,,,,,,,4.0,4.0,4.0,4.0,4.0,4.0,4.0,4.0,,,,,,
178,550,1.0,,1.0,1.0,1.0,1.0,1.0,1.0,1.0,1.0,1.0,1.0,1.0,,1.0,1.0,1.0,1.0,1.0,1.0,1.0,1.0,1.0,1.0,1.0,1.0
179,189,1.0,1.0,1.0,1.0,1.0,1.0,1.0,1.0,1.0,1.0,1.0,1.0,1.0,1.0,1.0,1.0,1.0,1.0,1.0,1.0,1.0,1.0,1.0,1.0,1.0,1.0
180,298,1.0,1.0,1.0,1.0,1.0,1.0,1.0,1.0,1.0,1.0,1.0,1.0,1.0,1.0,1.0,1.0,1.0,1.0,1.0,1.0,1.0,1.0,1.0,1.0,1.0,1.0
181,191,1.0,1.0,1.0,1.0,1.0,1.0,1.0,1.0,1.0,1.0,1.0,1.0,1.0,1.0,1.0,1.0,1.0,1.0,1.0,1.0,1.0,1.0,1.0,1.0,1.0,1.0
182,406,2.0,2.0,1.0,1.0,1.0,1.0,1.0,1.0,1.0,1.0,1.0,1.0,1.0,1.0,1.0,1.0,1.0,1.0,1.0,1.0,1.0,1.0,1.0,1.0,1.0,1.0
183,553,1.0,1.0,1.0,1.0,1.0,1.0,1.0,1.0,1.0,1.0,1.0,1.0,2.0,3.0,2.0,3.0,1.0,2.0,2.0,2.0,,,,,,
184,617,3.0,3.0,3.0,2.0,2.0,2.0,2.0,1.0,1.0,1.0,1.0,1.0,3.0,3.0,3.0,3.0,3.0,3.0,3.0,4.0,1.0,1.0,1.0,2.0,2.0,2.0
185,237,4.0,4.0,3.0,2.0,2.0,1.0,1.0,1.0,1.0,1.0,1.0,1.0,3.0,4.0,3.0,3.0,3.0,4.0,4.0,3.0,1.0,1.0,1.0,1.0,2.0,1.0
186,502,,,,,,,1.0,1.0,1.0,1.0,1.0,1.0,1.0,1.0,1.0,2.0,2.0,2.0,2.0,2.0,,,,,,
187,381,2.0,2.0,2.0,2.0,2.0,2.0,1.0,1.0,1.0,1.0,1.0,1.0,9.0,9.0,9.0,9.0,9.0,9.0,9.0,9.0,14.0,14.0,14.0,14.0,14.0,15.0
188,412,4.0,3.0,3.0,5.0,3.0,5.0,3.0,1.0,4.0,5.0,3.0,8.0,4.0,3.0,3.0,4.0,3.0,4.0,2.0,5.0,3.0,3.0,3.0,3.0,3.0,3.0
189,372,1.0,,1.0,1.0,2.0,2.0,2.0,2.0,2.0,1.0,1.0,3.0,1.0,,1.0,,2.0,1.0,2.0,1.0,1.0,1.0,1.0,1.0,1.0,1.0
190,598,2.0,2.0,2.0,1.0,2.0,2.0,2.0,2.0,2.0,2.0,2.0,2.0,1.0,2.0,2.0,2.0,2.0,2.0,1.0,2.0,1.0,1.0,1.0,1.0,1.0,1.0
191,1,2.0,2.0,2.0,2.0,2.0,2.0,2.0,2.0,2.0,2.0,2.0,2.0,2.0,2.0,2.0,2.0,2.0,2.0,2.0,2.0,2.0,2.0,2.0,2.0,2.0,2.0
192,413,2.0,2.0,2.0,2.0,2.0,3.0,1.0,2.0,2.0,2.0,2.0,2.0,2.0,2.0,2.0,2.0,1.0,2.0,2.0,3.0,1.0,2.0,2.0,2.0,1.0,3.0
193,367,3.0,3.0,2.0,2.0,2.0,2.0,2.0,2.0,2.0,2.0,2.0,2.0,2.0,2.0,2.0,3.0,3.0,3.0,2.0,2.0,2.0,2.0,2.0,2.0,2.0,2.0
194,578,3.0,3.0,2.0,2.0,2.0,2.0,2.0,2.0,2.0,2.0,2.0,2.0,2.0,3.0,2.0,2.0,2.0,2.0,2.0,2.0,2.0,1.0,1.0,2.0,2.0,2.0
195,538,2.0,2.0,2.0,2.0,2.0,2.0,2.0,2.0,2.0,2.0,2.0,2.0,2.0,2.0,2.0,3.0,3.0,3.0,3.0,2.0,2.0,2.0,2.0,2.0,2.0,2.0
196,157,2.0,2.0,2.0,2.0,2.0,2.0,2.0,2.0,2.0,2.0,2.0,2.0,5.0,5.0,5.0,5.0,5.0,5.0,5.0,5.0,2.0,1.0,1.0,,,
197,30,1.0,1.0,1.0,2.0,2.0,2.0,2.0,2.0,2.0,2.0,2.0,2.0,1.0,1.0,1.0,1.0,1.0,1.0,1.0,1.0,1.0,1.0,1.0,1.0,1.0,1.0
198,490,1.0,1.0,3.0,2.0,2.0,2.0,2.0,2.0,2.0,2.0,2.0,2.0,13.0,15.0,16.0,14.0,11.0,12.0,13.0,,1.0,1.0,1.0,1.0,1.0,1.0
199,396,2.0,3.0,2.0,2.0,2.0,2.0,2.0,2.0,2.0,2.0,2.0,2.0,34.0,45.0,4.0,43.0,43.0,41.0,41.0,2.0,34.0,33.0,33.0,34.0,34.0,34.0
200,443,3.0,3.0,2.0,3.0,2.0,2.0,2.0,2.0,2.0,2.0,2.0,2.0,39.0,45.0,46.0,46.0,55.0,47.0,48.0,46.0,44.0,44.0,45.0,45.0,46.0,46.0
201,18,4.0,3.0,1.0,2.0,2.0,2.0,2.0,2.0,3.0,2.0,2.0,2.0,3.0,3.0,1.0,4.0,3.0,4.0,4.0,2.0,2.0,1.0,1.0,2.0,2.0,2.0
202,453,2.0,2.0,2.0,3.0,3.0,3.0,3.0,3.0,3.0,3.0,3.0,3.0,3.0,3.0,,,,,,,2.0,2.0,2.0,2.0,2.0,2.0
203,69,1.0,,2.0,2.0,2.0,3.0,3.0,3.0,3.0,3.0,3.0,3.0,1.0,,2.0,2.0,2.0,2.0,2.0,2.0,2.0,2.0,2.0,2.0,2.0,2.0
204,385,3.0,4.0,3.0,8.0,4.0,5.0,3.0,3.0,3.0,3.0,3.0,3.0,2.0,4.0,3.0,6.0,2.0,3.0,2.0,3.0,7.0,2.0,2.0,2.0,3.0,4.0
205,555,3.0,2.0,1.0,3.0,3.0,3.0,3.0,3.0,3.0,3.0,3.0,3.0,3.0,2.0,1.0,3.0,3.0,2.0,3.0,3.0,2.0,2.0,2.0,2.0,3.0,2.0
206,169,6.0,6.0,2.0,3.0,3.0,3.0,3.0,3.0,3.0,3.0,3.0,3.0,5.0,6.0,2.0,4.0,4.0,4.0,4.0,1.0,3.0,3.0,3.0,3.0,3.0,3.0
207,514,7.0,6.0,17.0,4.0,3.0,3.0,3.0,3.0,3.0,3.0,3.0,3.0,6.0,6.0,17.0,6.0,6.0,6.0,4.0,5.0,2.0,2.0,2.0,2.0,3.0,2.0
208,444,3.0,2.0,2.0,3.0,3.0,3.0,3.0,3.0,3.0,3.0,3.0,3.0,7.0,7.0,7.0,9.0,9.0,9.0,9.0,9.0,7.0,7.0,7.0,7.0,7.0,7.0
209,456,1.0,3.0,3.0,3.0,3.0,3.0,3.0,3.0,3.0,3.0,3.0,3.0,11.0,14.0,13.0,12.0,13.0,12.0,12.0,12.0,2.0,2.0,2.0,2.0,2.0,2.0
210,446,3.0,3.0,3.0,3.0,3.0,3.0,3.0,3.0,3.0,3.0,3.0,3.0,11.0,13.0,12.0,13.0,11.0,12.0,12.0,13.0,1.0,1.0,1.0,1.0,1.0,1.0
211,454,2.0,2.0,3.0,3.0,2.0,2.0,2.0,3.0,3.0,3.0,3.0,3.0,27.0,32.0,34.0,36.0,49.0,35.0,32.0,3.0,2.0,2.0,2.0,2.0,2.0,2.0
212,534,3.0,2.0,3.0,3.0,3.0,3.0,3.0,3.0,3.0,3.0,3.0,4.0,3.0,2.0,3.0,5.0,11.0,2.0,3.0,3.0,2.0,2.0,2.0,2.0,2.0,2.0
213,592,3.0,2.0,3.0,3.0,3.0,3.0,3.0,3.0,3.0,3.0,3.0,6.0,2.0,2.0,3.0,1.0,3.0,3.0,3.0,3.0,3.0,3.0,3.0,3.0,3.0,3.0
214,600,3.0,2.0,3.0,3.0,3.0,3.0,3.0,3.0,3.0,3.0,3.0,6.0,2.0,2.0,3.0,1.0,4.0,3.0,3.0,3.0,3.0,3.0,3.0,3.0,3.0,3.0
215,527,5.0,5.0,5.0,3.0,3.0,2.0,3.0,3.0,3.0,3.0,5.0,3.0,26.0,34.0,38.0,32.0,23.0,33.0,43.0,52.0,3.0,38.0,37.0,37.0,78.0,69.0
216,649,3.0,3.0,3.0,3.0,3.0,3.0,3.0,3.0,3.0,5.0,3.0,3.0,3.0,3.0,3.0,3.0,3.0,3.0,2.0,1.0,2.0,2.0,2.0,2.0,2.0,2.0
217,88,5.0,4.0,6.0,4.0,4.0,4.0,4.0,4.0,1.0,1.0,1.0,1.0,4.0,4.0,6.0,6.0,5.0,3.0,3.0,2.0,1.0,1.0,1.0,1.0,1.0,1.0
218,369,,,,6.0,3.0,4.0,4.0,4.0,4.0,4.0,4.0,4.0,,,,,,,,1.0,3.0,3.0,3.0,3.0,3.0,3.0
219,388,3.0,6.0,4.0,4.0,4.0,4.0,4.0,4.0,4.0,4.0,4.0,4.0,2.0,6.0,4.0,4.0,4.0,4.0,4.0,4.0,3.0,3.0,3.0,3.0,3.0,3.0
220,512,3.0,1.0,3.0,5.0,4.0,4.0,4.0,4.0,4.0,4.0,4.0,4.0,2.0,1.0,3.0,3.0,6.0,3.0,11.0,4.0,3.0,2.0,3.0,3.0,4.0,3.0
221,567,3.0,4.0,3.0,3.0,4.0,4.0,4.0,4.0,4.0,4.0,4.0,4.0,3.0,4.0,3.0,3.0,3.0,3.0,2.0,2.0,3.0,3.0,3.0,3.0,3.0,3.0
222,559,4.0,4.0,4.0,4.0,4.0,4.0,4.0,4.0,4.0,4.0,4.0,4.0,3.0,4.0,4.0,4.0,4.0,4.0,4.0,4.0,3.0,3.0,3.0,3.0,3.0,3.0
223,315,4.0,4.0,4.0,4.0,4.0,4.0,4.0,4.0,4.0,4.0,4.0,4.0,4.0,4.0,4.0,4.0,4.0,4.0,4.0,4.0,3.0,3.0,3.0,3.0,3.0,3.0
224,450,5.0,5.0,5.0,5.0,5.0,5.0,4.0,4.0,4.0,4.0,4.0,4.0,4.0,5.0,5.0,5.0,5.0,5.0,4.0,4.0,3.0,3.0,3.0,3.0,3.0,3.0
225,265,7.0,11.0,8.0,4.0,4.0,4.0,4.0,4.0,4.0,4.0,4.0,4.0,6.0,11.0,8.0,1.0,8.0,8.0,8.0,8.0,4.0,4.0,4.0,4.0,4.0,4.0
226,566,4.0,3.0,4.0,5.0,4.0,4.0,4.0,4.0,4.0,4.0,4.0,4.0,11.0,12.0,13.0,13.0,13.0,14.0,12.0,4.0,1.0,1.0,1.0,1.0,1.0,1.0
227,573,3.0,3.0,3.0,3.0,3.0,4.0,4.0,4.0,4.0,4.0,4.0,4.0,2.0,23.0,23.0,23.0,24.0,24.0,22.0,24.0,3.0,3.0,3.0,3.0,3.0,3.0
228,135,24.0,25.0,25.0,21.0,16.0,16.0,4.0,4.0,4.0,4.0,4.0,4.0,21.0,25.0,25.0,18.0,26.0,25.0,25.0,24.0,3.0,3.0,3.0,3.0,4.0,3.0
229,526,59.0,8.0,3.0,14.0,4.0,5.0,4.0,4.0,4.0,4.0,4.0,4.0,5.0,8.0,3.0,12.0,1.0,3.0,5.0,4.0,42.0,8.0,3.0,12.0,3.0,4.0
230,608,3.0,2.0,3.0,4.0,4.0,4.0,4.0,4.0,4.0,4.0,4.0,7.0,3.0,2.0,3.0,1.0,4.0,3.0,4.0,4.0,3.0,3.0,3.0,4.0,4.0,4.0
231,529,3.0,7.0,4.0,3.0,3.0,4.0,5.0,4.0,6.0,4.0,4.0,4.0,24.0,29.0,27.0,24.0,27.0,32.0,31.0,29.0,2.0,2.0,21.0,21.0,22.0,21.0
232,602,4.0,4.0,4.0,4.0,5.0,4.0,4.0,5.0,4.0,4.0,4.0,5.0,3.0,4.0,4.0,4.0,4.0,4.0,4.0,4.0,4.0,3.0,3.0,3.0,4.0,3.0
233,455,4.0,4.0,4.0,4.0,5.0,5.0,5.0,5.0,5.0,4.0,4.0,4.0,4.0,5.0,4.0,4.0,5.0,5.0,3.0,2.0,4.0,4.0,3.0,3.0,3.0,3.0
234,410,5.0,4.0,4.0,6.0,5.0,5.0,5.0,5.0,5.0,5.0,5.0,5.0,4.0,4.0,4.0,4.0,5.0,4.0,4.0,4.0,4.0,4.0,4.0,4.0,4.0,4.0
235,568,5.0,5.0,5.0,5.0,5.0,5.0,5.0,5.0,5.0,5.0,5.0,5.0,4.0,5.0,5.0,6.0,5.0,7.0,5.0,5.0,4.0,4.0,4.0,4.0,4.0,4.0
236,432,5.0,6.0,4.0,5.0,5.0,5.0,4.0,5.0,5.0,5.0,5.0,5.0,4.0,6.0,4.0,5.0,6.0,6.0,6.0,6.0,4.0,4.0,4.0,4.0,4.0,4.0
237,144,5.0,5.0,5.0,5.0,5.0,5.0,5.0,5.0,5.0,5.0,5.0,5.0,5.0,5.0,5.0,5.0,5.0,5.0,5.0,5.0,5.0,5.0,5.0,5.0,5.0,5.0
238,86,5.0,5.0,5.0,5.0,5.0,5.0,5.0,5.0,5.0,5.0,5.0,5.0,5.0,5.0,5.0,6.0,6.0,6.0,6.0,6.0,4.0,4.0,4.0,4.0,4.0,4.0
239,569,4.0,4.0,4.0,4.0,4.0,4.0,4.0,5.0,5.0,5.0,5.0,5.0,38.0,45.0,44.0,43.0,47.0,44.0,42.0,41.0,4.0,4.0,4.0,5.0,5.0,5.0
240,429,7.0,7.0,5.0,5.0,5.0,5.0,5.0,5.0,5.0,5.0,5.0,7.0,1.0,11.0,9.0,9.0,1.0,8.0,7.0,9.0,7.0,8.0,9.0,7.0,8.0,7.0
241,370,3.0,3.0,3.0,4.0,5.0,5.0,4.0,5.0,5.0,5.0,5.0,8.0,2.0,3.0,3.0,1.0,3.0,3.0,3.0,3.0,4.0,4.0,4.0,4.0,4.0,4.0
242,544,8.0,5.0,6.0,5.0,6.0,5.0,6.0,5.0,5.0,7.0,5.0,5.0,7.0,5.0,6.0,7.0,7.0,8.0,6.0,6.0,4.0,4.0,4.0,5.0,5.0,5.0
243,344,5.0,6.0,5.0,6.0,6.0,6.0,6.0,6.0,5.0,5.0,5.0,5.0,4.0,6.0,5.0,6.0,1.0,3.0,3.0,5.0,4.0,5.0,4.0,5.0,4.0,4.0
244,340,5.0,5.0,6.0,5.0,5.0,5.0,5.0,6.0,6.0,5.0,6.0,5.0,4.0,5.0,6.0,6.0,5.0,5.0,6.0,5.0,4.0,4.0,4.0,5.0,5.0,5.0
245,255,5.0,5.0,5.0,5.0,6.0,6.0,6.0,6.0,6.0,6.0,5.0,5.0,4.0,5.0,5.0,5.0,5.0,5.0,6.0,6.0,4.0,4.0,4.0,4.0,5.0,4.0
246,395,5.0,4.0,5.0,6.0,6.0,6.0,6.0,6.0,6.0,6.0,6.0,6.0,4.0,4.0,5.0,6.0,6.0,6.0,6.0,6.0,5.0,4.0,4.0,5.0,5.0,5.0
247,31,5.0,6.0,3.0,5.0,5.0,5.0,6.0,6.0,6.0,6.0,6.0,6.0,6.0,6.0,6.0,6.0,6.0,6.0,6.0,6.0,4.0,4.0,4.0,4.0,4.0,4.0
248,95,6.0,6.0,6.0,6.0,6.0,6.0,6.0,6.0,6.0,6.0,6.0,6.0,5.0,6.0,6.0,6.0,6.0,5.0,5.0,4.0,5.0,5.0,5.0,5.0,5.0,5.0
249,277,6.0,7.0,7.0,6.0,6.0,6.0,6.0,6.0,6.0,6.0,6.0,6.0,5.0,7.0,7.0,7.0,7.0,7.0,6.0,8.0,5.0,5.0,5.0,5.0,5.0,5.0
250,287,8.0,6.0,1.0,6.0,6.0,6.0,6.0,6.0,6.0,6.0,6.0,6.0,7.0,6.0,1.0,1.0,6.0,3.0,7.0,12.0,4.0,4.0,4.0,5.0,5.0,4.0
251,417,8.0,7.0,5.0,6.0,6.0,6.0,6.0,6.0,6.0,6.0,6.0,6.0,7.0,7.0,5.0,6.0,6.0,6.0,7.0,8.0,5.0,5.0,5.0,5.0,5.0,5.0
252,445,6.0,5.0,4.0,5.0,5.0,6.0,6.0,6.0,6.0,6.0,6.0,6.0,15.0,15.0,15.0,16.0,15.0,15.0,17.0,15.0,13.0,14.0,13.0,14.0,14.0,14.0
253,565,5.0,5.0,5.0,6.0,6.0,6.0,6.0,6.0,6.0,6.0,6.0,6.0,4.0,37.0,21.0,2.0,3.0,2.0,6.0,5.0,37.0,37.0,37.0,38.0,38.0,38.0
254,546,4.0,6.0,5.0,7.0,6.0,6.0,6.0,6.0,6.0,6.0,6.0,8.0,7.0,11.0,1.0,1.0,11.0,11.0,9.0,6.0,8.0,8.0,8.0,9.0,8.0,8.0
255,403,7.0,6.0,6.0,7.0,8.0,6.0,6.0,6.0,7.0,7.0,7.0,7.0,6.0,6.0,6.0,8.0,6.0,6.0,7.0,6.0,5.0,5.0,5.0,5.0,6.0,5.0
256,25,7.0,2.0,7.0,4.0,4.0,5.0,6.0,6.0,7.0,13.0,8.0,11.0,6.0,2.0,7.0,1.0,2.0,7.0,4.0,5.0,5.0,5.0,5.0,8.0,8.0,8.0
257,346,6.0,9.0,5.0,1.0,1.0,6.0,6.0,6.0,8.0,6.0,6.0,6.0,5.0,9.0,5.0,7.0,,,,,5.0,7.0,4.0,8.0,8.0,5.0
258,347,4.0,4.0,5.0,5.0,6.0,7.0,6.0,6.0,8.0,7.0,7.0,9.0,3.0,4.0,5.0,7.0,5.0,5.0,5.0,4.0,6.0,6.0,6.0,6.0,6.0,6.0
259,641,6.0,8.0,11.0,,5.0,5.0,5.0,6.0,13.0,6.0,5.0,5.0,5.0,8.0,11.0,4.0,7.0,5.0,2.0,6.0,4.0,4.0,4.0,4.0,4.0,4.0
260,656,5.0,5.0,5.0,5.0,5.0,7.0,7.0,7.0,7.0,5.0,5.0,5.0,24.0,3.0,31.0,3.0,32.0,27.0,28.0,31.0,4.0,4.0,4.0,4.0,4.0,4.0
261,668,6.0,5.0,6.0,6.0,6.0,7.0,7.0,7.0,7.0,6.0,6.0,6.0,55.0,68.0,71.0,68.0,7.0,69.0,71.0,71.0,4.0,4.0,4.0,5.0,5.0,5.0
262,42,2.0,2.0,2.0,7.0,7.0,7.0,7.0,7.0,7.0,7.0,7.0,7.0,2.0,2.0,2.0,2.0,2.0,2.0,2.0,2.0,5.0,5.0,5.0,5.0,5.0,5.0
263,669,,,,,,,7.0,7.0,7.0,7.0,7.0,7.0,6.0,6.0,7.0,7.0,7.0,7.0,7.0,7.0,5.0,5.0,5.0,5.0,6.0,5.0
264,554,7.0,1.0,7.0,7.0,7.0,7.0,7.0,7.0,7.0,7.0,7.0,7.0,6.0,1.0,7.0,6.0,6.0,6.0,6.0,7.0,5.0,5.0,5.0,6.0,6.0,5.0
265,501,7.0,7.0,8.0,7.0,7.0,7.0,7.0,7.0,7.0,7.0,7.0,7.0,6.0,7.0,8.0,7.0,6.0,5.0,4.0,6.0,5.0,5.0,6.0,6.0,6.0,6.0
266,390,8.0,6.0,6.0,7.0,7.0,9.0,7.0,7.0,7.0,7.0,7.0,7.0,7.0,6.0,6.0,8.0,7.0,7.0,7.0,8.0,6.0,6.0,6.0,6.0,6.0,7.0
267,331,1.0,8.0,8.0,8.0,7.0,7.0,7.0,7.0,7.0,7.0,7.0,7.0,8.0,8.0,8.0,8.0,8.0,7.0,7.0,7.0,6.0,6.0,6.0,6.0,6.0,6.0
268,552,1.0,8.0,9.0,7.0,7.0,7.0,7.0,7.0,7.0,7.0,7.0,7.0,9.0,8.0,9.0,8.0,9.0,9.0,7.0,9.0,6.0,6.0,6.0,7.0,7.0,7.0
269,549,7.0,7.0,6.0,8.0,6.0,6.0,6.0,7.0,7.0,7.0,7.0,7.0,16.0,21.0,19.0,21.0,21.0,21.0,21.0,21.0,21.0,21.0,21.0,21.0,21.0,21.0
270,551,7.0,7.0,6.0,7.0,7.0,7.0,7.0,7.0,7.0,7.0,7.0,7.0,22.0,26.0,28.0,27.0,28.0,26.0,25.0,28.0,24.0,24.0,24.0,24.0,24.0,24.0
271,428,7.0,7.0,5.0,7.0,6.0,6.0,5.0,7.0,7.0,7.0,7.0,7.0,41.0,51.0,47.0,,5.0,9.0,8.0,6.0,5.0,6.0,6.0,6.0,6.0,6.0
272,231,7.0,7.0,7.0,7.0,7.0,7.0,7.0,7.0,8.0,8.0,8.0,8.0,6.0,7.0,7.0,7.0,7.0,7.0,8.0,7.0,6.0,6.0,6.0,6.0,7.0,6.0
273,604,4.0,5.0,4.0,7.0,6.0,6.0,7.0,8.0,8.0,7.0,7.0,7.0,3.0,5.0,4.0,,4.0,5.0,,3.0,6.0,5.0,6.0,6.0,6.0,6.0
274,584,5.0,4.0,7.0,6.0,7.0,7.0,6.0,8.0,8.0,7.0,7.0,13.0,4.0,4.0,7.0,2.0,8.0,7.0,7.0,6.0,6.0,6.0,6.0,7.0,7.0,7.0
275,175,5.0,4.0,5.0,7.0,7.0,7.0,8.0,8.0,8.0,8.0,8.0,8.0,4.0,4.0,5.0,5.0,4.0,4.0,4.0,4.0,6.0,6.0,6.0,6.0,6.0,6.0
276,405,7.0,7.0,7.0,8.0,9.0,9.0,8.0,8.0,8.0,8.0,8.0,8.0,6.0,7.0,7.0,7.0,9.0,8.0,8.0,7.0,6.0,6.0,6.0,6.0,7.0,7.0
277,364,7.0,7.0,8.0,8.0,8.0,8.0,8.0,8.0,8.0,8.0,8.0,8.0,6.0,7.0,8.0,9.0,8.0,9.0,8.0,9.0,6.0,6.0,6.0,7.0,7.0,7.0
278,310,11.0,12.0,12.0,9.0,9.0,8.0,8.0,8.0,8.0,8.0,8.0,8.0,9.0,9.0,9.0,9.0,9.0,9.0,7.0,6.0,6.0,6.0,6.0,7.0,7.0,7.0
279,667,12.0,17.0,1.0,13.0,12.0,12.0,12.0,8.0,8.0,8.0,8.0,8.0,1.0,17.0,1.0,2.0,28.0,6.0,14.0,9.0,6.0,6.0,6.0,6.0,6.0,6.0
280,422,11.0,1.0,7.0,8.0,8.0,8.0,7.0,8.0,8.0,8.0,8.0,8.0,28.0,32.0,28.0,29.0,27.0,27.0,26.0,8.0,22.0,23.0,23.0,23.0,23.0,23.0
281,563,7.0,8.0,8.0,9.0,9.0,8.0,8.0,8.0,8.0,8.0,8.0,8.0,32.0,34.0,34.0,9.0,1.0,8.0,7.0,9.0,6.0,6.0,6.0,6.0,6.0,6.0
282,486,12.0,5.0,3.0,8.0,8.0,8.0,8.0,8.0,8.0,9.0,8.0,8.0,1.0,5.0,3.0,9.0,1.0,1.0,4.0,7.0,7.0,6.0,6.0,7.0,7.0,7.0
283,562,7.0,7.0,7.0,9.0,8.0,9.0,8.0,8.0,9.0,9.0,8.0,9.0,6.0,7.0,7.0,8.0,7.0,7.0,6.0,7.0,7.0,7.0,7.0,7.0,7.0,7.0
284,507,9.0,11.0,8.0,8.0,9.0,9.0,7.0,8.0,9.0,9.0,9.0,9.0,16.0,2.0,17.0,15.0,17.0,17.0,15.0,8.0,14.0,15.0,15.0,15.0,15.0,15.0
285,511,11.0,1.0,8.0,8.0,9.0,8.0,8.0,8.0,9.0,9.0,9.0,9.0,42.0,49.0,45.0,46.0,46.0,45.0,43.0,8.0,23.0,24.0,24.0,25.0,25.0,24.0
286,431,7.0,7.0,7.0,8.0,7.0,6.0,7.0,9.0,7.0,7.0,8.0,7.0,15.0,19.0,19.0,25.0,2.0,21.0,21.0,21.0,16.0,17.0,16.0,17.0,17.0,16.0
287,40,7.0,7.0,8.0,8.0,9.0,9.0,9.0,9.0,9.0,9.0,9.0,9.0,6.0,7.0,8.0,8.0,9.0,9.0,8.0,9.0,7.0,7.0,7.0,7.0,7.0,7.0
288,639,7.0,14.0,1.0,1.0,1.0,1.0,1.0,9.0,9.0,9.0,9.0,9.0,6.0,14.0,1.0,12.0,1.0,1.0,1.0,9.0,5.0,11.0,7.0,8.0,8.0,8.0
289,447,8.0,8.0,8.0,8.0,8.0,9.0,9.0,9.0,9.0,9.0,9.0,9.0,7.0,8.0,8.0,8.0,1.0,9.0,1.0,1.0,7.0,7.0,7.0,7.0,7.0,7.0
290,56,8.0,8.0,8.0,9.0,9.0,9.0,9.0,9.0,9.0,9.0,9.0,9.0,7.0,8.0,8.0,9.0,8.0,8.0,8.0,9.0,7.0,7.0,7.0,7.0,7.0,7.0
291,127,22.0,21.0,22.0,17.0,18.0,9.0,9.0,9.0,9.0,9.0,9.0,9.0,16.0,16.0,16.0,16.0,16.0,16.0,16.0,16.0,8.0,8.0,8.0,8.0,9.0,8.0
292,498,13.0,9.0,1.0,9.0,9.0,9.0,9.0,9.0,9.0,9.0,9.0,9.0,24.0,24.0,25.0,24.0,23.0,25.0,26.0,24.0,7.0,7.0,7.0,7.0,7.0,7.0
293,451,9.0,9.0,9.0,9.0,9.0,9.0,9.0,9.0,9.0,9.0,9.0,9.0,47.0,51.0,31.0,1.0,9.0,9.0,9.0,8.0,42.0,43.0,43.0,43.0,43.0,43.0
294,570,6.0,9.0,8.0,11.0,9.0,9.0,9.0,9.0,9.0,9.0,9.0,1.0,5.0,9.0,8.0,8.0,8.0,1.0,8.0,8.0,7.0,7.0,7.0,9.0,7.0,7.0
295,397,8.0,7.0,7.0,1.0,9.0,11.0,9.0,9.0,9.0,9.0,9.0,1.0,7.0,7.0,7.0,8.0,1.0,9.0,9.0,8.0,7.0,7.0,7.0,7.0,8.0,9.0
296,433,1.0,9.0,8.0,9.0,9.0,9.0,8.0,9.0,9.0,1.0,9.0,9.0,13.0,14.0,23.0,14.0,13.0,16.0,12.0,13.0,8.0,8.0,8.0,8.0,14.0,14.0
297,525,13.0,9.0,9.0,1.0,17.0,9.0,8.0,9.0,9.0,1.0,9.0,9.0,24.0,25.0,25.0,35.0,25.0,24.0,25.0,25.0,19.0,2.0,2.0,2.0,2.0,2.0
298,407,11.0,11.0,1.0,11.0,1.0,1.0,1.0,1.0,9.0,9.0,9.0,7.0,9.0,11.0,1.0,11.0,9.0,1.0,12.0,11.0,7.0,7.0,8.0,8.0,8.0,8.0
299,658,7.0,7.0,8.0,8.0,1.0,1.0,1.0,1.0,1.0,8.0,8.0,8.0,6.0,28.0,28.0,29.0,34.0,29.0,28.0,29.0,6.0,6.0,6.0,6.0,6.0,6.0
300,664,9.0,1.0,9.0,9.0,1.0,1.0,1.0,1.0,1.0,9.0,9.0,9.0,7.0,1.0,9.0,11.0,1.0,13.0,11.0,12.0,6.0,7.0,7.0,7.0,7.0,7.0
301,653,13.0,12.0,9.0,1.0,1.0,9.0,8.0,1.0,1.0,1.0,9.0,9.0,11.0,12.0,9.0,1.0,1.0,9.0,9.0,1.0,7.0,9.0,8.0,8.0,8.0,7.0
302,389,12.0,9.0,1.0,12.0,1.0,13.0,1.0,1.0,1.0,1.0,1.0,9.0,1.0,9.0,1.0,1.0,14.0,1.0,11.0,1.0,8.0,8.0,8.0,8.0,8.0,11.0
303,93,9.0,9.0,9.0,1.0,1.0,1.0,1.0,1.0,1.0,1.0,1.0,1.0,8.0,9.0,9.0,1.0,1.0,1.0,1.0,1.0,8.0,8.0,8.0,8.0,8.0,8.0
304,85,9.0,9.0,1.0,1.0,1.0,1.0,1.0,1.0,1.0,1.0,1.0,1.0,8.0,9.0,1.0,11.0,9.0,8.0,1.0,9.0,8.0,8.0,8.0,8.0,8.0,8.0
305,251,9.0,1.0,11.0,6.0,1.0,1.0,1.0,1.0,1.0,1.0,1.0,1.0,8.0,1.0,11.0,1.0,12.0,11.0,12.0,12.0,6.0,6.0,6.0,6.0,6.0,6.0
306,74,1.0,8.0,9.0,9.0,1.0,1.0,1.0,1.0,1.0,1.0,1.0,1.0,8.0,8.0,9.0,11.0,9.0,1.0,1.0,1.0,8.0,8.0,8.0,8.0,8.0,8.0
307,637,1.0,1.0,1.0,1.0,1.0,1.0,1.0,1.0,1.0,1.0,1.0,1.0,1.0,1.0,1.0,1.0,1.0,1.0,8.0,8.0,8.0,8.0,8.0,8.0,8.0,8.0
308,190,12.0,12.0,12.0,12.0,11.0,11.0,1.0,1.0,1.0,1.0,1.0,1.0,1.0,12.0,12.0,12.0,12.0,12.0,12.0,11.0,8.0,8.0,8.0,8.0,8.0,8.0
309,404,13.0,8.0,9.0,1.0,11.0,11.0,1.0,1.0,1.0,1.0,1.0,1.0,11.0,8.0,9.0,11.0,1.0,1.0,1.0,1.0,8.0,8.0,8.0,8.0,9.0,9.0
310,366,1.0,11.0,1.0,9.0,1.0,1.0,1.0,1.0,1.0,11.0,11.0,11.0,9.0,11.0,1.0,12.0,11.0,14.0,9.0,11.0,8.0,8.0,8.0,9.0,1.0,1.0
311,408,3.0,4.0,2.0,2.0,2.0,2.0,12.0,1.0,11.0,1.0,1.0,1.0,9.0,12.0,11.0,11.0,12.0,12.0,12.0,8.0,8.0,8.0,8.0,8.0,8.0,8.0
312,497,1.0,8.0,8.0,9.0,9.0,11.0,11.0,11.0,11.0,9.0,9.0,9.0,9.0,9.0,9.0,9.0,9.0,9.0,9.0,6.0,7.0,6.0,6.0,7.0,7.0,7.0
313,36,12.0,12.0,13.0,1.0,1.0,1.0,1.0,11.0,11.0,11.0,1.0,1.0,1.0,12.0,13.0,13.0,13.0,12.0,12.0,13.0,8.0,8.0,8.0,9.0,9.0,9.0
314,500,8.0,8.0,7.0,9.0,11.0,11.0,11.0,11.0,11.0,11.0,11.0,11.0,7.0,8.0,7.0,7.0,11.0,1.0,1.0,11.0,8.0,8.0,8.0,9.0,9.0,9.0
315,68,9.0,9.0,9.0,11.0,11.0,11.0,11.0,11.0,11.0,11.0,11.0,11.0,8.0,9.0,9.0,1.0,1.0,1.0,11.0,6.0,8.0,8.0,8.0,9.0,9.0,9.0
316,326,1.0,9.0,12.0,11.0,11.0,11.0,11.0,11.0,11.0,11.0,11.0,11.0,8.0,9.0,12.0,1.0,1.0,9.0,9.0,9.0,8.0,8.0,8.0,8.0,9.0,8.0
317,492,11.0,1.0,11.0,11.0,11.0,11.0,11.0,11.0,11.0,11.0,11.0,11.0,9.0,1.0,11.0,11.0,12.0,1.0,13.0,11.0,9.0,8.0,8.0,9.0,9.0,9.0
318,233,12.0,1.0,1.0,12.0,12.0,12.0,11.0,11.0,11.0,11.0,11.0,11.0,1.0,1.0,1.0,12.0,12.0,11.0,1.0,1.0,9.0,9.0,9.0,9.0,9.0,9.0
319,571,8.0,8.0,7.0,8.0,8.0,8.0,8.0,11.0,11.0,11.0,12.0,12.0,6.0,8.0,7.0,7.0,8.0,8.0,8.0,9.0,9.0,9.0,9.0,9.0,9.0,9.0
320,414,1.0,,,12.0,11.0,11.0,11.0,11.0,11.0,12.0,11.0,12.0,1.0,,,1.0,,,,1.0,8.0,8.0,8.0,8.0,8.0,8.0
321,657,11.0,11.0,11.0,1.0,11.0,13.0,11.0,11.0,12.0,11.0,12.0,12.0,1.0,11.0,11.0,1.0,1.0,11.0,11.0,12.0,9.0,11.0,9.0,1.0,9.0,1.0
322,270,12.0,1.0,11.0,11.0,11.0,11.0,11.0,11.0,12.0,13.0,13.0,13.0,1.0,1.0,11.0,11.0,9.0,1.0,9.0,8.0,1.0,1.0,1.0,1.0,1.0,1.0
323,302,11.0,12.0,13.0,12.0,12.0,12.0,12.0,12.0,11.0,11.0,11.0,11.0,1.0,12.0,13.0,13.0,13.0,12.0,1.0,11.0,9.0,9.0,9.0,9.0,9.0,9.0
324,434,12.0,13.0,1.0,12.0,12.0,11.0,11.0,12.0,11.0,11.0,11.0,11.0,1.0,13.0,1.0,15.0,1.0,1.0,11.0,1.0,8.0,8.0,9.0,9.0,9.0,9.0
325,174,9.0,9.0,11.0,1.0,1.0,12.0,12.0,12.0,12.0,12.0,12.0,12.0,7.0,9.0,11.0,14.0,1.0,12.0,13.0,13.0,9.0,9.0,9.0,9.0,9.0,9.0
326,249,9.0,11.0,12.0,12.0,12.0,12.0,12.0,12.0,12.0,12.0,12.0,12.0,8.0,11.0,12.0,12.0,12.0,12.0,12.0,13.0,9.0,9.0,9.0,1.0,1.0,1.0
327,449,1.0,12.0,11.0,12.0,12.0,12.0,12.0,12.0,12.0,12.0,12.0,12.0,9.0,12.0,11.0,12.0,12.0,12.0,12.0,11.0,9.0,9.0,9.0,9.0,9.0,9.0
328,173,11.0,1.0,11.0,9.0,12.0,12.0,12.0,12.0,12.0,12.0,12.0,12.0,9.0,1.0,11.0,9.0,1.0,9.0,9.0,9.0,1.0,1.0,1.0,1.0,1.0,1.0
329,561,12.0,13.0,11.0,12.0,12.0,12.0,12.0,12.0,12.0,12.0,12.0,12.0,1.0,13.0,11.0,12.0,12.0,12.0,12.0,12.0,9.0,9.0,9.0,1.0,1.0,1.0
330,642,12.0,9.0,9.0,12.0,13.0,13.0,13.0,13.0,13.0,12.0,12.0,12.0,1.0,9.0,1.0,17.0,12.0,7.0,8.0,7.0,9.0,9.0,9.0,1.0,1.0,1.0
331,496,13.0,11.0,12.0,12.0,13.0,13.0,13.0,13.0,13.0,12.0,12.0,12.0,11.0,11.0,12.0,14.0,13.0,13.0,11.0,16.0,9.0,9.0,9.0,1.0,1.0,1.0
332,548,9.0,17.0,14.0,13.0,13.0,13.0,13.0,13.0,13.0,13.0,13.0,13.0,7.0,17.0,14.0,13.0,11.0,11.0,11.0,11.0,7.0,13.0,11.0,11.0,1.0,1.0
333,210,13.0,13.0,14.0,13.0,13.0,13.0,13.0,13.0,13.0,13.0,13.0,13.0,13.0,13.0,13.0,13.0,13.0,13.0,13.0,13.0,1.0,1.0,1.0,1.0,1.0,1.0
334,247,15.0,12.0,12.0,13.0,13.0,13.0,13.0,13.0,13.0,13.0,13.0,13.0,13.0,12.0,12.0,12.0,12.0,13.0,12.0,13.0,1.0,1.0,1.0,1.0,1.0,1.0
335,78,18.0,17.0,18.0,13.0,13.0,13.0,13.0,13.0,13.0,13.0,13.0,13.0,15.0,15.0,15.0,15.0,15.0,15.0,15.0,15.0,1.0,1.0,1.0,1.0,1.0,1.0
336,645,13.0,12.0,14.0,14.0,12.0,12.0,11.0,13.0,13.0,14.0,13.0,16.0,11.0,12.0,14.0,15.0,14.0,15.0,12.0,15.0,9.0,11.0,11.0,11.0,11.0,11.0
337,420,4.0,3.0,2.0,3.0,3.0,3.0,13.0,13.0,14.0,13.0,13.0,13.0,18.0,18.0,17.0,21.0,13.0,15.0,38.0,19.0,1.0,1.0,1.0,1.0,1.0,1.0
338,521,21.0,19.0,12.0,15.0,14.0,12.0,13.0,13.0,14.0,15.0,14.0,13.0,26.0,26.0,2.0,2.0,2.0,21.0,2.0,21.0,16.0,18.0,17.0,18.0,18.0,16.0
339,655,6.0,21.0,15.0,14.0,14.0,14.0,14.0,14.0,13.0,13.0,13.0,13.0,5.0,21.0,15.0,17.0,15.0,14.0,14.0,1.0,4.0,16.0,11.0,11.0,11.0,11.0
340,229,13.0,15.0,14.0,14.0,14.0,14.0,14.0,14.0,13.0,13.0,13.0,13.0,11.0,15.0,14.0,14.0,14.0,14.0,13.0,11.0,1.0,11.0,1.0,11.0,11.0,11.0
341,82,12.0,12.0,13.0,14.0,14.0,13.0,14.0,14.0,14.0,14.0,14.0,12.0,1.0,12.0,13.0,13.0,13.0,13.0,12.0,12.0,9.0,9.0,9.0,9.0,9.0,9.0
342,623,4.0,,,6.0,6.0,6.0,14.0,14.0,14.0,14.0,14.0,14.0,3.0,,,,,,,7.0,7.0,4.0,4.0,9.0,9.0,8.0
343,77,14.0,13.0,13.0,14.0,14.0,14.0,14.0,14.0,14.0,14.0,14.0,14.0,11.0,13.0,13.0,13.0,13.0,13.0,14.0,12.0,11.0,11.0,11.0,11.0,11.0,11.0
344,243,14.0,14.0,13.0,14.0,14.0,14.0,14.0,14.0,14.0,14.0,14.0,14.0,12.0,14.0,13.0,14.0,14.0,14.0,14.0,15.0,1.0,1.0,1.0,11.0,11.0,11.0
345,20,15.0,14.0,14.0,14.0,15.0,15.0,15.0,14.0,14.0,14.0,14.0,14.0,12.0,14.0,14.0,15.0,15.0,15.0,15.0,14.0,11.0,11.0,11.0,11.0,11.0,11.0
346,558,1.0,11.0,1.0,11.0,11.0,13.0,14.0,14.0,15.0,14.0,14.0,15.0,9.0,11.0,1.0,12.0,11.0,13.0,14.0,15.0,11.0,11.0,11.0,12.0,12.0,11.0
347,67,14.0,15.0,15.0,15.0,15.0,15.0,15.0,15.0,15.0,15.0,15.0,15.0,12.0,15.0,15.0,15.0,16.0,15.0,15.0,15.0,12.0,12.0,12.0,12.0,12.0,12.0
348,401,15.0,12.0,14.0,15.0,17.0,15.0,15.0,15.0,15.0,15.0,15.0,15.0,12.0,12.0,14.0,16.0,16.0,15.0,14.0,17.0,12.0,12.0,12.0,12.0,14.0,12.0
349,289,16.0,17.0,14.0,15.0,15.0,15.0,15.0,15.0,15.0,15.0,15.0,15.0,14.0,17.0,14.0,14.0,15.0,16.0,14.0,15.0,11.0,11.0,11.0,12.0,12.0,12.0
350,531,15.0,15.0,15.0,15.0,15.0,15.0,15.0,15.0,15.0,15.0,15.0,15.0,15.0,15.0,15.0,15.0,15.0,15.0,15.0,15.0,15.0,16.0,16.0,17.0,18.0,18.0
351,557,14.0,15.0,13.0,14.0,14.0,15.0,15.0,15.0,15.0,16.0,15.0,15.0,12.0,15.0,13.0,14.0,15.0,15.0,13.0,13.0,13.0,12.0,12.0,12.0,12.0,12.0
352,648,1.0,9.0,11.0,11.0,14.0,15.0,15.0,15.0,15.0,31.0,31.0,31.0,9.0,9.0,11.0,8.0,7.0,7.0,8.0,9.0,23.0,23.0,22.0,24.0,24.0,24.0
353,269,5.0,5.0,13.0,15.0,15.0,16.0,15.0,15.0,16.0,16.0,16.0,15.0,4.0,5.0,13.0,14.0,14.0,14.0,19.0,16.0,12.0,12.0,12.0,12.0,12.0,12.0
354,547,18.0,23.0,16.0,16.0,16.0,16.0,16.0,16.0,16.0,15.0,15.0,15.0,15.0,15.0,15.0,15.0,15.0,15.0,15.0,13.0,13.0,13.0,13.0,13.0,13.0,13.0
355,19,13.0,11.0,12.0,13.0,13.0,13.0,13.0,16.0,16.0,16.0,16.0,16.0,11.0,11.0,12.0,13.0,14.0,14.0,12.0,11.0,12.0,12.0,12.0,12.0,12.0,12.0
356,223,16.0,15.0,15.0,16.0,16.0,16.0,16.0,16.0,16.0,16.0,16.0,16.0,13.0,15.0,15.0,17.0,16.0,16.0,14.0,16.0,13.0,13.0,13.0,13.0,13.0,13.0
357,46,16.0,15.0,19.0,15.0,16.0,16.0,16.0,16.0,16.0,16.0,16.0,16.0,14.0,15.0,19.0,14.0,15.0,15.0,14.0,13.0,12.0,12.0,12.0,12.0,12.0,12.0
358,357,3.0,6.0,4.0,5.0,4.0,4.0,16.0,17.0,16.0,17.0,16.0,17.0,3.0,6.0,4.0,5.0,5.0,4.0,4.0,1.0,12.0,12.0,12.0,12.0,13.0,12.0
359,355,1.0,1.0,9.0,16.0,27.0,13.0,23.0,17.0,16.0,17.0,17.0,17.0,9.0,1.0,9.0,4.0,6.0,6.0,6.0,7.0,12.0,11.0,12.0,12.0,13.0,12.0
360,660,21.0,22.0,16.0,17.0,17.0,17.0,17.0,17.0,17.0,16.0,17.0,17.0,48.0,57.0,52.0,65.0,56.0,55.0,65.0,55.0,14.0,15.0,14.0,14.0,14.0,14.0
361,342,1.0,,,18.0,17.0,17.0,17.0,17.0,17.0,17.0,17.0,17.0,8.0,,,,,,,,7.0,,,14.0,13.0,13.0
362,39,14.0,15.0,16.0,17.0,17.0,17.0,17.0,17.0,17.0,17.0,17.0,17.0,12.0,15.0,16.0,16.0,17.0,17.0,16.0,17.0,13.0,13.0,13.0,14.0,14.0,14.0
363,666,17.0,13.0,15.0,16.0,17.0,17.0,17.0,17.0,17.0,17.0,17.0,17.0,25.0,25.0,25.0,25.0,25.0,25.0,25.0,25.0,13.0,13.0,13.0,14.0,14.0,14.0
364,362,12.0,55.0,38.0,17.0,16.0,18.0,18.0,18.0,17.0,17.0,17.0,17.0,11.0,55.0,38.0,46.0,4.0,36.0,39.0,35.0,1.0,42.0,29.0,13.0,13.0,14.0
365,41,16.0,13.0,14.0,18.0,18.0,18.0,18.0,18.0,18.0,18.0,18.0,18.0,13.0,13.0,14.0,15.0,13.0,14.0,14.0,16.0,14.0,14.0,14.0,14.0,14.0,14.0
366,491,21.0,16.0,18.0,18.0,18.0,18.0,18.0,18.0,18.0,18.0,18.0,18.0,19.0,18.0,25.0,18.0,31.0,24.0,28.0,27.0,14.0,13.0,14.0,14.0,14.0,14.0
367,384,6.0,7.0,9.0,17.0,17.0,17.0,17.0,18.0,18.0,18.0,21.0,21.0,5.0,7.0,9.0,9.0,16.0,18.0,18.0,19.0,16.0,17.0,19.0,2.0,2.0,2.0
368,430,27.0,23.0,18.0,2.0,22.0,19.0,18.0,18.0,19.0,19.0,21.0,19.0,34.0,37.0,3.0,33.0,33.0,32.0,31.0,29.0,24.0,27.0,26.0,25.0,26.0,26.0
369,574,17.0,6.0,15.0,16.0,18.0,19.0,17.0,18.0,2.0,16.0,85.0,23.0,216.0,235.0,248.0,237.0,235.0,233.0,224.0,13.0,185.0,185.0,185.0,189.0,191.0,192.0
370,400,16.0,22.0,23.0,16.0,23.0,23.0,2.0,2.0,2.0,2.0,2.0,2.0,13.0,22.0,23.0,17.0,19.0,22.0,19.0,18.0,16.0,15.0,15.0,16.0,18.0,19.0
371,201,19.0,16.0,19.0,2.0,21.0,2.0,2.0,2.0,2.0,2.0,2.0,2.0,16.0,16.0,19.0,2.0,2.0,19.0,2.0,2.0,16.0,16.0,16.0,16.0,17.0,16.0
372,37,18.0,18.0,17.0,18.0,2.0,2.0,2.0,2.0,21.0,21.0,21.0,21.0,15.0,18.0,17.0,18.0,18.0,18.0,18.0,18.0,16.0,16.0,16.0,19.0,19.0,19.0
373,108,43.0,34.0,19.0,4.0,18.0,24.0,18.0,2.0,24.0,18.0,18.0,24.0,36.0,34.0,34.0,34.0,34.0,34.0,26.0,29.0,22.0,22.0,22.0,22.0,22.0,22.0
374,143,13.0,29.0,14.0,26.0,21.0,21.0,21.0,21.0,21.0,21.0,21.0,21.0,11.0,29.0,14.0,13.0,16.0,15.0,14.0,14.0,16.0,16.0,21.0,16.0,16.0,16.0
375,312,2.0,24.0,24.0,24.0,24.0,24.0,25.0,21.0,21.0,21.0,21.0,21.0,17.0,24.0,24.0,24.0,27.0,25.0,24.0,25.0,16.0,16.0,16.0,16.0,16.0,16.0
376,399,18.0,18.0,18.0,22.0,26.0,21.0,21.0,21.0,21.0,21.0,21.0,24.0,15.0,18.0,18.0,22.0,19.0,2.0,21.0,19.0,17.0,16.0,16.0,17.0,21.0,17.0
377,392,2.0,8.0,31.0,21.0,23.0,21.0,21.0,21.0,23.0,21.0,21.0,21.0,2.0,2.0,2.0,2.0,2.0,2.0,2.0,2.0,17.0,17.0,17.0,19.0,17.0,17.0
378,278,21.0,21.0,21.0,21.0,21.0,22.0,22.0,22.0,22.0,22.0,22.0,22.0,18.0,21.0,21.0,21.0,21.0,21.0,22.0,21.0,17.0,17.0,17.0,17.0,17.0,17.0
379,586,24.0,2.0,21.0,23.0,26.0,23.0,23.0,23.0,23.0,23.0,23.0,21.0,2.0,2.0,21.0,25.0,21.0,22.0,25.0,22.0,18.0,18.0,18.0,18.0,21.0,19.0
380,87,22.0,21.0,22.0,23.0,23.0,23.0,23.0,23.0,23.0,23.0,23.0,23.0,18.0,21.0,22.0,22.0,22.0,22.0,2.0,21.0,18.0,18.0,17.0,17.0,17.0,17.0
381,610,2.0,2.0,22.0,29.0,23.0,24.0,23.0,23.0,23.0,23.0,23.0,26.0,17.0,2.0,23.0,27.0,23.0,24.0,2.0,22.0,19.0,18.0,18.0,19.0,2.0,2.0
382,356,12.0,18.0,12.0,19.0,27.0,2.0,22.0,23.0,24.0,23.0,23.0,23.0,1.0,18.0,12.0,25.0,2.0,14.0,17.0,16.0,14.0,18.0,15.0,18.0,18.0,18.0
383,329,2.0,2.0,2.0,22.0,22.0,24.0,24.0,24.0,24.0,24.0,24.0,22.0,17.0,2.0,2.0,22.0,23.0,24.0,21.0,22.0,16.0,16.0,17.0,17.0,17.0,17.0
384,382,25.0,22.0,22.0,23.0,25.0,23.0,24.0,24.0,24.0,24.0,24.0,24.0,21.0,22.0,22.0,23.0,25.0,23.0,24.0,24.0,18.0,18.0,18.0,18.0,21.0,18.0
385,662,21.0,21.0,25.0,24.0,24.0,24.0,24.0,24.0,24.0,25.0,24.0,24.0,18.0,21.0,25.0,21.0,34.0,28.0,23.0,3.0,16.0,2.0,21.0,19.0,19.0,19.0
386,421,17.0,16.0,13.0,13.0,14.0,15.0,23.0,24.0,24.0,25.0,25.0,24.0,25.0,29.0,29.0,27.0,33.0,27.0,25.0,24.0,18.0,18.0,18.0,25.0,26.0,25.0
387,361,13.0,2.0,13.0,22.0,18.0,21.0,25.0,25.0,23.0,24.0,21.0,22.0,11.0,2.0,13.0,17.0,22.0,18.0,29.0,22.0,13.0,17.0,15.0,15.0,15.0,14.0
388,363,16.0,2.0,19.0,24.0,26.0,31.0,25.0,25.0,29.0,29.0,25.0,24.0,14.0,2.0,19.0,2.0,19.0,15.0,13.0,21.0,16.0,17.0,17.0,17.0,18.0,19.0
389,353,22.0,24.0,25.0,35.0,31.0,3.0,27.0,27.0,26.0,27.0,28.0,27.0,18.0,24.0,25.0,24.0,23.0,22.0,21.0,23.0,19.0,18.0,19.0,2.0,21.0,19.0
390,612,25.0,38.0,27.0,29.0,28.0,28.0,28.0,27.0,27.0,27.0,27.0,27.0,21.0,38.0,27.0,33.0,31.0,26.0,25.0,21.0,19.0,3.0,21.0,23.0,22.0,22.0
391,257,3.0,31.0,29.0,27.0,27.0,27.0,27.0,27.0,27.0,27.0,27.0,27.0,25.0,31.0,29.0,4.0,29.0,29.0,3.0,29.0,23.0,23.0,23.0,23.0,23.0,23.0
392,659,59.0,41.0,23.0,25.0,29.0,28.0,28.0,28.0,27.0,3.0,32.0,32.0,5.0,41.0,23.0,23.0,25.0,24.0,26.0,26.0,25.0,25.0,25.0,25.0,27.0,24.0
393,328,22.0,21.0,2.0,2.0,2.0,28.0,29.0,28.0,28.0,28.0,28.0,28.0,18.0,21.0,2.0,2.0,21.0,22.0,2.0,21.0,21.0,21.0,21.0,21.0,21.0,21.0
394,508,27.0,28.0,25.0,28.0,29.0,29.0,28.0,28.0,28.0,29.0,29.0,29.0,23.0,28.0,25.0,32.0,29.0,31.0,3.0,29.0,24.0,24.0,24.0,24.0,24.0,23.0
395,150,3.0,3.0,3.0,31.0,3.0,3.0,3.0,3.0,3.0,3.0,3.0,3.0,25.0,3.0,3.0,31.0,31.0,32.0,32.0,32.0,23.0,23.0,23.0,24.0,24.0,24.0
396,358,35.0,32.0,32.0,34.0,33.0,32.0,3.0,3.0,32.0,33.0,38.0,41.0,29.0,32.0,32.0,32.0,32.0,32.0,3.0,3.0,28.0,28.0,27.0,28.0,29.0,29.0
397,380,12.0,-41.0,26.0,25.0,24.0,28.0,27.0,31.0,3.0,32.0,3.0,39.0,21.0,21.0,21.0,21.0,21.0,21.0,21.0,21.0,23.0,23.0,22.0,24.0,23.0,24.0
398,425,14.0,14.0,1.0,12.0,11.0,11.0,31.0,31.0,31.0,31.0,31.0,31.0,49.0,33.0,3.0,3.0,29.0,29.0,31.0,31.0,24.0,25.0,25.0,25.0,26.0,25.0
399,314,32.0,3.0,31.0,31.0,32.0,32.0,32.0,32.0,32.0,32.0,32.0,32.0,27.0,3.0,31.0,3.0,32.0,34.0,31.0,29.0,25.0,25.0,25.0,25.0,26.0,25.0
400,354,19.0,2.0,18.0,19.0,28.0,21.0,32.0,33.0,31.0,32.0,32.0,32.0,16.0,2.0,18.0,14.0,13.0,14.0,17.0,2.0,25.0,24.0,25.0,28.0,29.0,27.0
401,631,34.0,53.0,47.0,44.0,41.0,38.0,35.0,35.0,34.0,34.0,34.0,4.0,29.0,53.0,47.0,61.0,51.0,5.0,5.0,45.0,26.0,41.0,37.0,35.0,35.0,38.0
402,540,27.0,35.0,3.0,38.0,34.0,34.0,34.0,36.0,35.0,35.0,43.0,36.0,23.0,35.0,3.0,34.0,36.0,32.0,28.0,31.0,26.0,31.0,29.0,3.0,29.0,29.0
403,345,3.0,48.0,35.0,38.0,37.0,37.0,37.0,37.0,36.0,36.0,36.0,36.0,26.0,48.0,35.0,41.0,4.0,32.0,4.0,37.0,23.0,37.0,27.0,3.0,29.0,29.0
404,195,33.0,38.0,3.0,35.0,36.0,35.0,36.0,37.0,36.0,36.0,36.0,38.0,28.0,38.0,3.0,33.0,28.0,33.0,34.0,18.0,29.0,28.0,28.0,28.0,3.0,28.0
405,418,15.0,16.0,13.0,15.0,14.0,15.0,39.0,38.0,38.0,39.0,42.0,44.0,3.0,36.0,35.0,36.0,37.0,38.0,37.0,38.0,28.0,3.0,3.0,3.0,3.0,31.0
406,359,24.0,49.0,38.0,35.0,32.0,3.0,37.0,39.0,34.0,36.0,37.0,4.0,21.0,49.0,38.0,33.0,5.0,46.0,4.0,35.0,32.0,5.0,42.0,34.0,34.0,31.0
407,274,32.0,36.0,37.0,38.0,38.0,39.0,39.0,39.0,39.0,38.0,38.0,38.0,28.0,36.0,37.0,38.0,38.0,4.0,37.0,38.0,3.0,3.0,3.0,3.0,3.0,3.0
408,236,36.0,35.0,35.0,37.0,4.0,38.0,39.0,39.0,39.0,39.0,39.0,39.0,3.0,35.0,35.0,35.0,39.0,4.0,37.0,33.0,3.0,3.0,29.0,3.0,32.0,29.0
409,205,37.0,37.0,38.0,38.0,4.0,4.0,4.0,4.0,4.0,4.0,4.0,4.0,31.0,37.0,38.0,37.0,47.0,45.0,38.0,38.0,31.0,3.0,32.0,31.0,31.0,31.0
410,334,35.0,4.0,37.0,41.0,41.0,41.0,42.0,42.0,41.0,41.0,41.0,41.0,3.0,4.0,37.0,4.0,5.0,36.0,37.0,35.0,32.0,32.0,32.0,33.0,33.0,33.0
411,646,39.0,35.0,47.0,4.0,41.0,42.0,42.0,42.0,42.0,41.0,42.0,42.0,38.0,41.0,53.0,5.0,46.0,41.0,44.0,43.0,32.0,32.0,32.0,33.0,33.0,33.0
412,621,28.0,16.0,27.0,29.0,37.0,29.0,42.0,42.0,42.0,42.0,42.0,37.0,34.0,28.0,4.0,39.0,43.0,36.0,16.0,25.0,34.0,33.0,33.0,34.0,34.0,35.0
413,230,45.0,37.0,39.0,44.0,44.0,44.0,42.0,42.0,42.0,42.0,42.0,42.0,38.0,37.0,39.0,39.0,36.0,36.0,38.0,38.0,31.0,31.0,31.0,27.0,27.0,27.0
414,673,,1.0,,,,,42.0,42.0,42.0,43.0,43.0,43.0,32.0,39.0,38.0,4.0,4.0,4.0,4.0,42.0,33.0,33.0,33.0,33.0,36.0,33.0
415,245,39.0,39.0,4.0,41.0,41.0,4.0,4.0,42.0,43.0,43.0,42.0,42.0,33.0,39.0,4.0,48.0,39.0,39.0,39.0,39.0,32.0,32.0,32.0,33.0,33.0,33.0
416,625,12.0,12.0,12.0,13.0,15.0,13.0,43.0,42.0,43.0,43.0,43.0,44.0,34.0,4.0,4.0,4.0,44.0,41.0,37.0,42.0,34.0,33.0,33.0,34.0,34.0,34.0
417,132,4.0,41.0,42.0,43.0,43.0,43.0,43.0,43.0,43.0,43.0,43.0,43.0,34.0,41.0,42.0,43.0,38.0,4.0,41.0,42.0,33.0,33.0,33.0,34.0,34.0,34.0
418,96,37.0,4.0,32.0,32.0,39.0,46.0,44.0,44.0,44.0,44.0,44.0,44.0,31.0,4.0,32.0,12.0,34.0,34.0,39.0,3.0,35.0,35.0,35.0,35.0,35.0,36.0
419,224,39.0,41.0,35.0,5.0,44.0,44.0,45.0,45.0,44.0,44.0,46.0,46.0,34.0,41.0,35.0,4.0,43.0,42.0,4.0,43.0,37.0,38.0,38.0,39.0,4.0,39.0
420,171,42.0,42.0,41.0,45.0,45.0,45.0,45.0,45.0,45.0,45.0,45.0,45.0,36.0,42.0,41.0,42.0,44.0,43.0,44.0,43.0,35.0,35.0,35.0,36.0,36.0,36.0
421,32,55.0,52.0,55.0,47.0,49.0,47.0,47.0,46.0,46.0,46.0,46.0,46.0,46.0,52.0,55.0,32.0,52.0,5.0,62.0,5.0,36.0,36.0,36.0,37.0,39.0,37.0
422,91,43.0,41.0,46.0,46.0,48.0,46.0,46.0,46.0,47.0,47.0,47.0,46.0,36.0,41.0,46.0,47.0,46.0,46.0,45.0,45.0,41.0,41.0,4.0,41.0,45.0,41.0
423,335,46.0,47.0,48.0,47.0,47.0,47.0,47.0,47.0,47.0,46.0,46.0,46.0,4.0,4.0,4.0,4.0,4.0,4.0,4.0,4.0,35.0,35.0,35.0,35.0,35.0,35.0
424,647,46.0,51.0,47.0,47.0,48.0,47.0,47.0,47.0,47.0,47.0,47.0,46.0,39.0,51.0,47.0,47.0,46.0,44.0,46.0,44.0,33.0,37.0,34.0,36.0,39.0,36.0
425,351,41.0,49.0,46.0,47.0,47.0,5.0,47.0,47.0,47.0,47.0,53.0,56.0,49.0,49.0,49.0,49.0,49.0,49.0,49.0,49.0,36.0,36.0,36.0,36.0,36.0,38.0
426,671,167.0,-11.0,32.0,48.0,42.0,43.0,49.0,47.0,47.0,49.0,58.0,55.0,55.0,55.0,55.0,55.0,34.0,34.0,34.0,34.0,42.0,42.0,42.0,42.0,42.0,42.0
427,424,,,,,,,48.0,48.0,48.0,48.0,48.0,48.0,38.0,42.0,44.0,45.0,46.0,43.0,43.0,43.0,37.0,37.0,37.0,37.0,37.0,37.0
428,308,43.0,36.0,39.0,36.0,41.0,38.0,47.0,48.0,49.0,48.0,47.0,48.0,37.0,36.0,39.0,37.0,36.0,37.0,49.0,38.0,38.0,36.0,37.0,37.0,42.0,38.0
429,556,32.0,5.0,34.0,49.0,46.0,46.0,48.0,49.0,47.0,48.0,47.0,47.0,27.0,5.0,34.0,52.0,45.0,42.0,48.0,43.0,34.0,47.0,36.0,4.0,39.0,38.0
430,151,46.0,46.0,46.0,5.0,5.0,5.0,5.0,5.0,5.0,46.0,46.0,46.0,46.0,46.0,4.0,3.0,3.0,25.0,25.0,25.0,25.0,15.0,,,,
431,16,41.0,43.0,43.0,47.0,48.0,49.0,49.0,5.0,51.0,51.0,51.0,51.0,35.0,43.0,43.0,44.0,48.0,46.0,46.0,44.0,38.0,38.0,38.0,39.0,39.0,39.0
432,532,51.0,56.0,5.0,52.0,56.0,51.0,51.0,51.0,51.0,51.0,51.0,51.0,43.0,56.0,5.0,5.0,53.0,49.0,49.0,46.0,4.0,4.0,4.0,4.0,46.0,4.0
433,419,11.0,1.0,7.0,1.0,9.0,9.0,51.0,51.0,51.0,51.0,51.0,51.0,44.0,48.0,45.0,46.0,48.0,48.0,45.0,46.0,41.0,42.0,42.0,43.0,43.0,42.0
434,615,47.0,49.0,5.0,51.0,55.0,52.0,53.0,53.0,51.0,51.0,51.0,51.0,4.0,49.0,5.0,46.0,52.0,49.0,49.0,44.0,39.0,39.0,39.0,39.0,43.0,39.0
435,393,44.0,46.0,48.0,49.0,52.0,51.0,52.0,53.0,52.0,53.0,54.0,51.0,38.0,46.0,48.0,53.0,5.0,53.0,51.0,55.0,46.0,47.0,48.0,51.0,54.0,49.0
436,187,49.0,5.0,49.0,53.0,55.0,54.0,54.0,53.0,53.0,53.0,53.0,52.0,41.0,5.0,49.0,51.0,55.0,51.0,53.0,51.0,4.0,4.0,4.0,4.0,4.0,4.0
437,572,41.0,58.0,53.0,53.0,52.0,53.0,53.0,54.0,52.0,53.0,52.0,53.0,35.0,58.0,53.0,55.0,53.0,49.0,51.0,48.0,37.0,5.0,43.0,44.0,49.0,43.0
438,123,48.0,54.0,54.0,54.0,54.0,54.0,55.0,55.0,55.0,55.0,55.0,55.0,41.0,54.0,54.0,55.0,55.0,55.0,55.0,57.0,42.0,42.0,42.0,43.0,43.0,43.0
439,337,51.0,48.0,48.0,53.0,57.0,54.0,54.0,55.0,55.0,55.0,55.0,55.0,43.0,48.0,48.0,49.0,5.0,5.0,49.0,47.0,45.0,46.0,48.0,49.0,53.0,49.0
440,283,57.0,49.0,52.0,54.0,56.0,53.0,55.0,55.0,55.0,55.0,55.0,55.0,48.0,49.0,52.0,55.0,54.0,5.0,51.0,48.0,42.0,42.0,42.0,43.0,46.0,43.0
441,130,64.0,48.0,48.0,55.0,55.0,55.0,55.0,55.0,55.0,55.0,55.0,55.0,54.0,48.0,48.0,9.0,48.0,12.0,59.0,57.0,32.0,32.0,32.0,32.0,32.0,32.0
442,516,42.0,66.0,57.0,59.0,57.0,57.0,56.0,56.0,55.0,55.0,55.0,53.0,36.0,66.0,57.0,77.0,64.0,61.0,59.0,6.0,33.0,51.0,44.0,47.0,45.0,45.0
443,494,48.0,45.0,4.0,54.0,56.0,57.0,57.0,57.0,57.0,58.0,57.0,57.0,41.0,45.0,4.0,51.0,54.0,55.0,55.0,52.0,42.0,43.0,42.0,45.0,45.0,45.0
444,510,53.0,55.0,57.0,56.0,56.0,56.0,57.0,57.0,59.0,59.0,61.0,61.0,45.0,55.0,57.0,56.0,64.0,59.0,57.0,58.0,48.0,48.0,48.0,48.0,48.0,48.0
445,241,32.0,36.0,57.0,52.0,53.0,58.0,56.0,58.0,58.0,58.0,58.0,58.0,271.0,36.0,57.0,47.0,56.0,5.0,52.0,48.0,44.0,44.0,44.0,45.0,45.0,45.0
446,307,55.0,55.0,54.0,55.0,59.0,59.0,59.0,59.0,59.0,58.0,56.0,56.0,46.0,55.0,54.0,55.0,57.0,58.0,59.0,57.0,46.0,46.0,46.0,47.0,47.0,47.0
447,276,63.0,6.0,47.0,51.0,55.0,51.0,52.0,59.0,59.0,59.0,59.0,59.0,54.0,6.0,47.0,49.0,57.0,47.0,55.0,49.0,53.0,53.0,53.0,49.0,55.0,49.0
448,513,,,,,,,61.0,59.0,62.0,62.0,62.0,62.0,43.0,47.0,43.0,59.0,54.0,48.0,5.0,48.0,47.0,47.0,47.0,47.0,48.0,48.0
449,319,47.0,45.0,45.0,6.0,59.0,59.0,59.0,6.0,59.0,,,,4.0,45.0,45.0,65.0,58.0,63.0,56.0,53.0,,,,,,
450,47,51.0,48.0,48.0,59.0,59.0,59.0,6.0,6.0,6.0,83.0,83.0,83.0,43.0,48.0,48.0,6.0,65.0,61.0,58.0,64.0,65.0,65.0,65.0,65.0,65.0,65.0
451,252,57.0,55.0,57.0,59.0,62.0,6.0,6.0,6.0,61.0,61.0,61.0,61.0,48.0,55.0,57.0,61.0,59.0,57.0,57.0,58.0,46.0,46.0,46.0,47.0,5.0,47.0
452,318,58.0,59.0,61.0,6.0,61.0,61.0,61.0,61.0,59.0,59.0,51.0,51.0,49.0,59.0,61.0,57.0,58.0,56.0,55.0,53.0,38.0,38.0,38.0,39.0,38.0,38.0
453,588,33.0,62.0,46.0,6.0,57.0,56.0,63.0,62.0,61.0,62.0,62.0,58.0,28.0,62.0,46.0,59.0,51.0,46.0,56.0,47.0,31.0,53.0,46.0,51.0,52.0,49.0
454,387,42.0,42.0,42.0,42.0,42.0,55.0,55.0,55.0,55.0,55.0,55.0,55.0,55.0,45.0,45.0,45.0,52.0,52.0,52.0,45.0,45.0,45.0,45.0,45.0,45.0,45.0
455,542,64.0,54.0,56.0,62.0,66.0,63.0,63.0,64.0,63.0,64.0,63.0,63.0,55.0,54.0,56.0,5.0,65.0,62.0,55.0,54.0,49.0,48.0,49.0,49.0,55.0,5.0
456,115,54.0,54.0,53.0,59.0,6.0,69.0,64.0,64.0,73.0,65.0,65.0,74.0,46.0,54.0,53.0,55.0,65.0,64.0,62.0,61.0,49.0,49.0,56.0,51.0,51.0,58.0
457,348,61.0,8.0,68.0,67.0,66.0,65.0,65.0,65.0,64.0,65.0,65.0,65.0,52.0,8.0,68.0,76.0,73.0,64.0,71.0,67.0,48.0,63.0,53.0,53.0,52.0,51.0
458,576,65.0,88.0,67.0,7.0,69.0,69.0,67.0,67.0,66.0,66.0,66.0,65.0,55.0,88.0,67.0,81.0,75.0,59.0,69.0,6.0,5.0,68.0,52.0,55.0,54.0,54.0
459,126,7.0,71.0,72.0,67.0,68.0,67.0,67.0,67.0,67.0,67.0,67.0,67.0,59.0,71.0,72.0,74.0,67.0,66.0,57.0,6.0,56.0,56.0,56.0,57.0,59.0,57.0
460,580,64.0,12.0,7.0,71.0,69.0,69.0,68.0,68.0,67.0,67.0,67.0,67.0,54.0,12.0,7.0,83.0,77.0,65.0,71.0,67.0,49.0,79.0,54.0,56.0,54.0,54.0
461,44,76.0,84.0,83.0,74.0,77.0,73.0,75.0,7.0,8.0,8.0,77.0,74.0,64.0,84.0,83.0,65.0,85.0,1.0,98.0,91.0,58.0,58.0,58.0,59.0,67.0,59.0
462,179,69.0,67.0,67.0,7.0,75.0,7.0,71.0,71.0,71.0,7.0,7.0,69.0,58.0,67.0,67.0,64.0,75.0,77.0,63.0,6.0,55.0,55.0,55.0,56.0,63.0,56.0
463,121,65.0,69.0,7.0,71.0,71.0,71.0,71.0,71.0,71.0,71.0,71.0,71.0,55.0,69.0,7.0,83.0,84.0,82.0,81.0,79.0,55.0,55.0,55.0,56.0,56.0,56.0
464,52,68.0,69.0,68.0,71.0,77.0,71.0,71.0,71.0,71.0,71.0,71.0,71.0,57.0,69.0,68.0,7.0,77.0,67.0,63.0,65.0,54.0,54.0,54.0,54.0,63.0,54.0
465,299,66.0,67.0,77.0,73.0,73.0,71.0,71.0,71.0,71.0,71.0,71.0,72.0,56.0,67.0,77.0,72.0,67.0,69.0,64.0,61.0,56.0,55.0,55.0,58.0,58.0,56.0
466,317,67.0,67.0,67.0,75.0,78.0,73.0,72.0,72.0,73.0,72.0,72.0,73.0,57.0,67.0,67.0,71.0,78.0,68.0,62.0,62.0,55.0,54.0,54.0,57.0,64.0,55.0
467,26,37.0,51.0,68.0,76.0,8.0,75.0,75.0,73.0,73.0,73.0,73.0,72.0,32.0,51.0,68.0,72.0,76.0,72.0,7.0,68.0,56.0,56.0,56.0,56.0,62.0,56.0
468,138,65.0,67.0,66.0,68.0,72.0,72.0,73.0,73.0,73.0,73.0,73.0,73.0,55.0,67.0,66.0,69.0,74.0,68.0,69.0,68.0,57.0,57.0,57.0,57.0,57.0,57.0
469,394,33.0,37.0,55.0,5.0,66.0,65.0,69.0,73.0,84.0,84.0,95.0,97.0,28.0,37.0,55.0,39.0,6.0,64.0,63.0,86.0,81.0,81.0,82.0,83.0,9.0,83.0
470,379,78.0,74.0,77.0,82.0,82.0,74.0,76.0,76.0,74.0,74.0,74.0,74.0,66.0,74.0,77.0,75.0,83.0,65.0,67.0,66.0,56.0,56.0,57.0,56.0,57.0,57.0
471,199,65.0,65.0,67.0,78.0,84.0,78.0,78.0,78.0,78.0,55.0,55.0,55.0,55.0,65.0,67.0,8.0,88.0,81.0,66.0,68.0,38.0,38.0,38.0,39.0,42.0,39.0
472,650,73.0,73.0,73.0,73.0,73.0,73.0,73.0,73.0,73.0,73.0,73.0,73.0,87.0,87.0,87.0,87.0,87.0,87.0,87.0,87.0,62.0,62.0,62.0,62.0,62.0,62.0
473,398,,,,,,,81.0,79.0,8.0,8.0,8.0,79.0,77.0,89.0,85.0,8.0,85.0,8.0,75.0,66.0,6.0,48.0,48.0,48.0,55.0,49.0
474,271,73.0,67.0,69.0,72.0,73.0,74.0,81.0,8.0,8.0,8.0,78.0,78.0,62.0,67.0,69.0,66.0,61.0,68.0,66.0,67.0,63.0,63.0,63.0,67.0,67.0,67.0
475,469,8.0,66.0,71.0,8.0,8.0,8.0,8.0,8.0,8.0,8.0,8.0,8.0,97.0,98.0,15.0,12.0,11.0,98.0,13.0,1.0,61.0,6.0,59.0,64.0,64.0,64.0
476,253,57.0,76.0,79.0,65.0,81.0,79.0,8.0,8.0,85.0,85.0,82.0,16.0,48.0,76.0,79.0,6.0,73.0,72.0,68.0,81.0,59.0,59.0,59.0,59.0,75.0,59.0
477,352,49.0,122.0,74.0,85.0,79.0,8.0,81.0,81.0,81.0,81.0,82.0,8.0,42.0,122.0,74.0,9.0,84.0,69.0,93.0,76.0,42.0,99.0,67.0,7.0,69.0,69.0
478,522,65.0,65.0,66.0,71.0,77.0,77.0,82.0,82.0,82.0,82.0,82.0,81.0,55.0,65.0,66.0,64.0,75.0,73.0,73.0,75.0,63.0,63.0,63.0,63.0,63.0,63.0
479,663,77.0,86.0,76.0,81.0,81.0,83.0,83.0,83.0,83.0,83.0,82.0,82.0,65.0,86.0,76.0,8.0,85.0,81.0,78.0,77.0,59.0,68.0,63.0,64.0,64.0,65.0
480,122,67.0,61.0,61.0,63.0,75.0,81.0,74.0,83.0,88.0,88.0,9.0,9.0,57.0,61.0,61.0,61.0,64.0,67.0,6.0,61.0,69.0,69.0,69.0,7.0,7.0,7.0
481,484,82.0,178.0,161.0,75.0,81.0,84.0,85.0,85.0,85.0,86.0,86.0,91.0,95.0,26.0,189.0,57.0,1.0,11.0,97.0,127.0,65.0,141.0,128.0,59.0,64.0,66.0
482,285,69.0,84.0,85.0,9.0,91.0,88.0,88.0,87.0,87.0,87.0,87.0,89.0,58.0,84.0,85.0,83.0,95.0,88.0,79.0,52.0,68.0,67.0,67.0,6.0,6.0,59.0
483,665,,,,,,,9.0,9.0,89.0,89.0,89.0,89.0,7.0,78.0,96.0,1.0,12.0,93.0,86.0,83.0,76.0,76.0,76.0,75.0,75.0,75.0
484,61,84.0,88.0,88.0,9.0,98.0,92.0,93.0,92.0,92.0,92.0,92.0,92.0,72.0,88.0,88.0,88.0,94.0,93.0,92.0,9.0,7.0,7.0,7.0,7.0,81.0,7.0
485,464,72.0,61.0,71.0,81.0,87.0,93.0,93.0,93.0,93.0,94.0,93.0,93.0,61.0,61.0,71.0,8.0,78.0,71.0,81.0,8.0,68.0,68.0,69.0,73.0,74.0,74.0
486,515,23.0,18.0,14.0,17.0,17.0,16.0,94.0,94.0,96.0,97.0,96.0,95.0,8.0,88.0,87.0,113.0,115.0,99.0,88.0,91.0,8.0,82.0,83.0,81.0,83.0,83.0
487,279,93.0,95.0,95.0,96.0,96.0,96.0,97.0,97.0,97.0,97.0,97.0,97.0,79.0,95.0,95.0,91.0,13.0,88.0,81.0,89.0,73.0,73.0,73.0,74.0,74.0,74.0
488,290,11.0,98.0,95.0,98.0,99.0,99.0,99.0,99.0,96.0,95.0,95.0,95.0,86.0,98.0,95.0,96.0,13.0,99.0,99.0,92.0,73.0,73.0,73.0,73.0,74.0,74.0
489,463,88.0,76.0,88.0,99.0,99.0,99.0,99.0,99.0,99.0,99.0,99.0,99.0,75.0,76.0,88.0,92.0,1.0,94.0,16.0,13.0,74.0,73.0,74.0,79.0,79.0,79.0
490,263,97.0,98.0,97.0,99.0,16.0,15.0,16.0,18.0,11.0,11.0,11.0,19.0,82.0,98.0,97.0,92.0,18.0,16.0,13.0,97.0,85.0,84.0,84.0,86.0,98.0,87.0
491,2,14.0,16.0,17.0,19.0,117.0,19.0,11.0,11.0,11.0,11.0,11.0,11.0,1.0,12.0,121.0,115.0,13.0,112.0,122.0,92.0,86.0,86.0,86.0,87.0,98.0,87.0
492,43,122.0,13.0,123.0,126.0,128.0,122.0,123.0,123.0,123.0,123.0,123.0,123.0,14.0,13.0,123.0,132.0,137.0,136.0,143.0,14.0,95.0,95.0,95.0,97.0,16.0,97.0
493,9,128.0,134.0,134.0,13.0,142.0,135.0,14.0,14.0,14.0,14.0,152.0,152.0,128.0,155.0,154.0,87.0,97.0,166.0,167.0,153.0,122.0,122.0,122.0,122.0,145.0,122.0
494,579,116.0,94.0,114.0,131.0,135.0,14.0,14.0,14.0,14.0,146.0,142.0,142.0,98.0,94.0,114.0,114.0,17.0,12.0,115.0,11.0,13.0,11.0,13.0,112.0,113.0,113.0
495,4,174.0,153.0,16.0,158.0,179.0,166.0,167.0,167.0,167.0,167.0,167.0,167.0,186.0,197.0,24.0,2.0,224.0,2.0,21.0,156.0,134.0,134.0,134.0,143.0,165.0,143.0
496,435,169.0,23.0,172.0,178.0,181.0,174.0,174.0,174.0,173.0,169.0,169.0,169.0,144.0,23.0,172.0,171.0,19.0,165.0,154.0,24.0,127.0,159.0,132.0,135.0,144.0,133.0
497,99,133.0,136.0,14.0,162.0,173.0,172.0,173.0,176.0,187.0,183.0,185.0,185.0,113.0,136.0,14.0,149.0,128.0,148.0,143.0,146.0,143.0,144.0,145.0,148.0,149.0,148.0
498,124,192.0,212.0,195.0,24.0,24.0,24.0,27.0,27.0,185.0,185.0,175.0,175.0,163.0,212.0,195.0,24.0,19.0,18.0,186.0,19.0,139.0,139.0,139.0,138.0,138.0,138.0
499,119,236.0,222.0,216.0,238.0,239.0,245.0,247.0,252.0,252.0,252.0,252.0,252.0,2.0,222.0,216.0,23.0,249.0,249.0,32.0,247.0,195.0,195.0,195.0,197.0,197.0,197.0
500,110,247.0,24.0,243.0,253.0,253.0,253.0,254.0,254.0,254.0,254.0,26.0,26.0,29.0,24.0,243.0,262.0,246.0,231.0,224.0,217.0,2.0,2.0,2.0,23.0,24.0,24.0
501,97,254.0,25.0,248.0,253.0,254.0,254.0,255.0,255.0,255.0,255.0,255.0,255.0,216.0,25.0,248.0,249.0,278.0,239.0,251.0,237.0,198.0,196.0,196.0,199.0,2.0,2.0
502,100,49.0,482.0,487.0,614.0,627.0,635.0,642.0,642.0,666.0,666.0,666.0,666.0,416.0,482.0,487.0,369.0,48.0,375.0,393.0,380.0,564.0,564.0,564.0,617.0,634.0,639.0
